00:E0:18,ASUSTek COMPUTER INC.,false,MA-L,2015/11/17
00:0C:6E,ASUSTek COMPUTER INC.,false,MA-L,2015/11/17
00:0E:A6,ASUSTek COMPUTER INC.,false,MA-L,2015/11/17
00:11:2F,ASUSTek COMPUTER INC.,false,MA-L,2015/11/17
00:11:D8,ASUSTek COMPUTER INC.,false,MA-L,2015/11/17
00:13:D4,ASUSTek COMPUTER INC.,false,MA-L,2015/11/17
00:15:F2,ASUSTek COMPUTER INC.,false,MA-L,2015/11/17
00:17:31,ASUSTek COMPUTER INC.,false,MA-L,2015/11/17
00:18:F3,ASUSTek COMPUTER INC.,false,MA-L,2015/11/17
00:1A:92,ASUSTek COMPUTER INC.,false,MA-L,2015/11/17
00:1B:FC,ASUSTek COMPUTER INC.,false,MA-L,2015/11/17
00:1D:60,ASUSTek COMPUTER INC.,false,MA-L,2015/11/17
00:1E:8C,ASUSTek COMPUTER INC.,false,MA-L,2015/11/17
00:1F:C6,ASUSTek COMPUTER INC.,false,MA-L,2015/11/17
00:22:15,ASUSTek COMPUTER INC.,false,MA-L,2015/11/17
00:23:54,ASUSTek COMPUTER INC.,false,MA-L,2015/11/17
00:24:8C,ASUSTek COMPUTER INC.,false,MA-L,2015/11/17
00:26:18,ASUSTek COMPUTER INC.,false,MA-L,2015/11/17
90:E6:BA,ASUSTek COMPUTER INC.,false,MA-L,2015/11/17
E0:CB:4E,ASUSTek COMPUTER INC.,false,MA-L,2015/11/17
48:5B:39,ASUSTek COMPUTER INC.,false,MA-L,2015/11/17
20:CF:30,ASUSTek COMPUTER INC.,false,MA-L,2015/11/17
BC:AE:C5,ASUSTek COMPUTER INC.,false,MA-L,2015/11/17
F4:6D:04,ASUSTek COMPUTER INC.,false,MA-L,2015/11/17
14:DA:E9,ASUSTek COMPUTER INC.,false,MA-L,2015/11/17
54:04:A6,ASUSTek COMPUTER INC.,false,MA-L,2015/11/17
C8:60:00,ASUSTek COMPUTER INC.,false,MA-L,2015/11/17
10:BF:48,ASUSTek COMPUTER INC.,false,MA-L,2015/11/17
30:85:A9,ASUSTek COMPUTER INC.,false,MA-L,2015/11/17
50:46:5D,ASUSTek COMPUTER INC.,false,MA-L,2015/11/17
08:60:6E,ASUSTek COMPUTER INC.,false,MA-L,2015/11/17
60:A4:4C,ASUSTek COMPUTER INC.,false,MA-L,2015/11/17
74:D0:2B,ASUSTek COMPUTER INC.,false,MA-L,2015/11/17
AC:22:0B,ASUSTek COMPUTER INC.,false,MA-L,2015/11/17
D8:50:E6,ASUSTek COMPUTER INC.,false,MA-L,2015/11/17
BC:EE:7B,ASUSTek COMPUTER INC.,false,MA-L,2015/11/17
E0:3F:49,ASUSTek COMPUTER INC.,false,MA-L,2015/11/17
40:16:7E,ASUSTek COMPUTER INC.,false,MA-L,2015/11/17
10:C3:7B,ASUSTek COMPUTER INC.,false,MA-L,2015/11/17
78:24:AF,ASUSTek COMPUTER INC.,false,MA-L,2015/11/17
54:A0:50,ASUSTek COMPUTER INC.,false,MA-L,2015/11/17
38:2C:4A,ASUSTek COMPUTER INC.,false,MA-L,2015/11/17
AC:9E:17,ASUSTek COMPUTER INC.,false,MA-L,2015/11/17
F0:79:59,ASUSTek COMPUTER INC.,false,MA-L,2015/11/17
F8:32:E4,ASUSTek COMPUTER INC.,false,MA-L,2015/11/17
FC:C2:33,ASUSTek COMPUTER INC.,false,MA-L,2019/07/09
1C:B7:2C,ASUSTek COMPUTER INC.,false,MA-L,2015/11/17
14:DD:A9,ASUSTek COMPUTER INC.,false,MA-L,2015/11/17
08:62:66,ASUSTek COMPUTER INC.,false,MA-L,2015/11/17
2C:56:DC,ASUSTek COMPUTER INC.,false,MA-L,2015/11/17
1C:87:2C,ASUSTek COMPUTER INC.,false,MA-L,2015/11/17
30:5A:3A,ASUSTek COMPUTER INC.,false,MA-L,2015/11/17
9C:5C:8E,ASUSTek COMPUTER INC.,false,MA-L,2015/12/03
D0:17:C2,ASUSTek COMPUTER INC.,false,MA-L,2016/01/02
34:97:F6,ASUSTek COMPUTER INC.,false,MA-L,2016/02/10
70:8B:CD,ASUSTek COMPUTER INC.,false,MA-L,2016/05/14
38:D5:47,ASUSTek COMPUTER INC.,false,MA-L,2016/06/27
70:4D:7B,ASUSTek COMPUTER INC.,false,MA-L,2016/08/26
2C:4D:54,ASUSTek COMPUTER INC.,false,MA-L,2016/10/30
60:45:CB,ASUSTek COMPUTER INC.,false,MA-L,2017/01/07
88:D7:F6,ASUSTek COMPUTER INC.,false,MA-L,2017/02/21
10:7B:44,ASUSTek COMPUTER INC.,false,MA-L,2017/05/24
B0:6E:BF,ASUSTek COMPUTER INC.,false,MA-L,2017/07/23
2C:FD:A1,ASUSTek COMPUTER INC.,false,MA-L,2017/09/22
18:31:BF,ASUSTek COMPUTER INC.,false,MA-L,2017/11/12
4C:ED:FB,ASUSTek COMPUTER INC.,false,MA-L,2018/02/11
0C:9D:92,ASUSTek COMPUTER INC.,false,MA-L,2018/04/25
04:92:26,ASUSTek COMPUTER INC.,false,MA-L,2018/07/28
40:B0:76,ASUSTek COMPUTER INC.,false,MA-L,2018/10/13
04:D4:C4,ASUSTek COMPUTER INC.,false,MA-L,2018/12/16
04:D9:F5,ASUSTek COMPUTER INC.,false,MA-L,2019/03/08
A8:5E:45,ASUSTek COMPUTER INC.,false,MA-L,2019/07/27
D4:5D:64,ASUSTek COMPUTER INC.,false,MA-L,2019/11/05
24:4B:FE,ASUSTek COMPUTER INC.,false,MA-L,2020/03/17
3C:7C:3F,ASUSTek COMPUTER INC.,false,MA-L,2020/07/14
F0:2F:74,ASUSTek COMPUTER INC.,false,MA-L,2020/09/29
FC:34:97,ASUSTek COMPUTER INC.,false,MA-L,2020/12/19
7C:10:C9,ASUSTek COMPUTER INC.,false,MA-L,2021/04/07
04:42:1A,ASUSTek COMPUTER INC.,false,MA-L,2021/06/26
50:EB:F6,ASUSTek COMPUTER INC.,false,MA-L,2021/09/04
58:11:22,ASUSTek COMPUTER INC.,false,MA-L,2021/12/29
A0:36:BC,ASUSTek COMPUTER INC.,false,MA-L,2022/04/23
C8:7F:54,ASUSTek COMPUTER INC.,false,MA-L,2022/08/13
00:09:5B,NETGEAR,false,MA-L,2017/05/24
00:0F:B5,NETGEAR,false,MA-L,2017/05/24
00:14:6C,NETGEAR,false,MA-L,2017/05/24
00:18:4D,NETGEAR,false,MA-L,2017/05/24
00:1B:2F,NETGEAR,false,MA-L,2017/05/24
00:1E:2A,NETGEAR,false,MA-L,2017/05/24
00:1F:33,NETGEAR,false,MA-L,2017/05/24
00:22:3F,NETGEAR,false,MA-L,2017/05/24
00:24:B2,NETGEAR,false,MA-L,2015/11/17
00:26:F2,NETGEAR,false,MA-L,2015/11/17
C0:3F:0E,NETGEAR,false,MA-L,2015/11/17
30:46:9A,NETGEAR,false,MA-L,2015/11/17
E0:91:F5,NETGEAR,false,MA-L,2015/11/17
C4:3D:C7,NETGEAR,false,MA-L,2015/11/17
A0:21:B7,NETGEAR,false,MA-L,2015/11/17
E0:46:9A,NETGEAR,false,MA-L,2015/11/17
20:4E:7F,NETGEAR,false,MA-L,2015/11/17
74:44:01,NETGEAR,false,MA-L,2015/11/17
2C:B0:5D,NETGEAR,false,MA-L,2015/11/17
4C:60:DE,NETGEAR,false,MA-L,2015/11/17
84:1B:5E,NETGEAR,false,MA-L,2015/11/17
00:8E:F2,NETGEAR,false,MA-L,2017/05/24
20:E5:2A,NETGEAR,false,MA-L,2017/05/24
10:0D:7F,NETGEAR,false,MA-L,2017/05/24
28:C6:8E,NETGEAR,false,MA-L,2017/05/24
9C:D3:6D,NETGEAR,false,MA-L,2017/05/24
44:94:FC,NETGEAR,false,MA-L,2017/05/24
04:A1:51,NETGEAR,false,MA-L,2017/05/24
08:BD:43,NETGEAR,false,MA-L,2017/05/24
C4:04:15,NETGEAR,false,MA-L,2017/05/24
20:0C:C8,NETGEAR,false,MA-L,2017/05/24
50:4A:6E,NETGEAR,false,MA-L,2017/05/24
E4:F4:C6,NETGEAR,false,MA-L,2017/05/24
6C:B0:CE,NETGEAR,false,MA-L,2015/11/17
E8:FC:AF,NETGEAR,false,MA-L,2017/05/24
F8:73:94,NETGEAR,false,MA-L,2017/05/24
80:37:73,NETGEAR,false,MA-L,2015/11/17
A4:2B:8C,NETGEAR,false,MA-L,2015/11/17
2C:30:33,NETGEAR,false,MA-L,2017/05/24
C0:FF:D4,NETGEAR,false,MA-L,2015/11/17
40:5D:82,NETGEAR,false,MA-L,2015/11/17
50:6A:03,NETGEAR,false,MA-L,2015/11/17
A0:63:91,NETGEAR,false,MA-L,2015/11/17
DC:EF:09,NETGEAR,false,MA-L,2015/11/17
B0:7F:B9,NETGEAR,false,MA-L,2017/05/24
10:DA:43,NETGEAR,false,MA-L,2017/05/24
A0:04:60,NETGEAR,false,MA-L,2017/05/24
9C:3D:CF,NETGEAR,false,MA-L,2017/05/24
B0:B9:8A,NETGEAR,false,MA-L,2017/05/24
08:02:8E,NETGEAR,false,MA-L,2017/05/24
A0:40:A0,NETGEAR,false,MA-L,2017/05/24
B0:39:56,NETGEAR,false,MA-L,2017/05/24
8C:3B:AD,NETGEAR,false,MA-L,2017/05/24
CC:40:D0,NETGEAR,false,MA-L,2017/09/22
78:D2:94,NETGEAR,false,MA-L,2018/02/15
14:59:C0,NETGEAR,false,MA-L,2018/06/13
3C:37:86,NETGEAR,false,MA-L,2018/08/05
28:80:88,NETGEAR,false,MA-L,2018/10/13
10:0C:6B,NETGEAR,false,MA-L,2018/11/24
08:36:C9,NETGEAR,false,MA-L,2018/12/16
38:94:ED,NETGEAR,false,MA-L,2019/03/22
BC:A5:11,NETGEAR,false,MA-L,2019/07/20
44:A5:6E,NETGEAR,false,MA-L,2019/11/09
9C:C9:EB,NETGEAR,false,MA-L,2019/12/25
94:A6:7E,NETGEAR,false,MA-L,2020/10/06
6C:CD:D6,NETGEAR,false,MA-L,2020/11/10
80:CC:9C,NETGEAR,false,MA-L,2021/03/23
C8:9E:43,NETGEAR,false,MA-L,2021/04/24
34:98:B5,NETGEAR,false,MA-L,2021/08/18
94:18:65,NETGEAR,false,MA-L,2021/10/29
E0:46:EE,NETGEAR,false,MA-L,2022/01/12
00:0A:EB,"TP-LINK TECHNOLOGIES CO.,LTD.",false,MA-L,2016/04/27
00:14:78,"TP-LINK TECHNOLOGIES CO.,LTD.",false,MA-L,2016/04/27
00:19:E0,"TP-LINK TECHNOLOGIES CO.,LTD.",false,MA-L,2015/11/17
00:1D:0F,"TP-LINK TECHNOLOGIES CO.,LTD.",false,MA-L,2015/11/17
00:21:27,"TP-LINK TECHNOLOGIES CO.,LTD.",false,MA-L,2015/11/17
00:23:CD,"TP-LINK TECHNOLOGIES CO.,LTD.",false,MA-L,2015/11/17
00:25:86,"TP-LINK TECHNOLOGIES CO.,LTD.",false,MA-L,2015/11/17
00:27:19,"TP-LINK TECHNOLOGIES CO.,LTD.",false,MA-L,2015/11/17
94:0C:6D,"TP-LINK TECHNOLOGIES CO.,LTD.",false,MA-L,2015/11/17
D8:5D:4C,"TP-LINK TECHNOLOGIES CO.,LTD.",false,MA-L,2015/11/17
74:EA:3A,"TP-LINK TECHNOLOGIES CO.,LTD.",false,MA-L,2015/11/17
E0:05:C5,"TP-LINK TECHNOLOGIES CO.,LTD.",false,MA-L,2015/11/17
54:E6:FC,"TP-LINK TECHNOLOGIES CO.,LTD.",false,MA-L,2015/11/17
F4:EC:38,"TP-LINK TECHNOLOGIES CO.,LTD.",false,MA-L,2015/11/17
40:16:9F,"TP-LINK TECHNOLOGIES CO.,LTD.",false,MA-L,2015/11/17
B0:48:7A,"TP-LINK TECHNOLOGIES CO.,LTD.",false,MA-L,2015/11/17
5C:63:BF,"TP-LINK TECHNOLOGIES CO.,LTD.",false,MA-L,2015/11/17
F8:D1:11,"TP-LINK TECHNOLOGIES CO.,LTD.",false,MA-L,2015/11/17
38:83:45,"TP-LINK TECHNOLOGIES CO.,LTD.",false,MA-L,2015/11/17
90:F6:52,"TP-LINK TECHNOLOGIES CO.,LTD.",false,MA-L,2015/11/17
14:E6:E4,"TP-LINK TECHNOLOGIES CO.,LTD.",false,MA-L,2015/11/17
64:70:02,"TP-LINK TECHNOLOGIES CO.,LTD.",false,MA-L,2015/11/17
8C:21:0A,"TP-LINK TECHNOLOGIES CO.,LTD.",false,MA-L,2015/11/17
A0:F3:C1,"TP-LINK TECHNOLOGIES CO.,LTD.",false,MA-L,2015/11/17
EC:17:2F,"TP-LINK TECHNOLOGIES CO.,LTD.",false,MA-L,2015/11/17
F8:1A:67,"TP-LINK TECHNOLOGIES CO.,LTD.",false,MA-L,2015/11/17
64:66:B3,"TP-LINK TECHNOLOGIES CO.,LTD.",false,MA-L,2015/11/17
EC:88:8F,"TP-LINK TECHNOLOGIES CO.,LTD.",false,MA-L,2015/11/17
10:FE:ED,"TP-LINK TECHNOLOGIES CO.,LTD.",false,MA-L,2015/11/17
6C:E8:73,"TP-LINK TECHNOLOGIES CO.,LTD.",false,MA-L,2015/11/17
14:CF:92,"TP-LINK TECHNOLOGIES CO.,LTD.",false,MA-L,2015/11/17
20:DC:E6,"TP-LINK TECHNOLOGIES CO.,LTD.",false,MA-L,2015/11/17
0C:72:2C,"TP-LINK TECHNOLOGIES CO.,LTD.",false,MA-L,2015/11/17
C0:4A:00,"TP-LINK TECHNOLOGIES CO.,LTD.",false,MA-L,2015/11/17
0C:82:68,"TP-LINK TECHNOLOGIES CO.,LTD.",false,MA-L,2015/11/17
1C:FA:68,"TP-LINK TECHNOLOGIES CO.,LTD.",false,MA-L,2015/11/17
BC:D1:77,"TP-LINK TECHNOLOGIES CO.,LTD.",false,MA-L,2015/11/17
14:86:92,"TP-LINK TECHNOLOGIES CO.,LTD.",false,MA-L,2015/11/17
28:2C:B2,"TP-LINK TECHNOLOGIES CO.,LTD.",false,MA-L,2015/11/17
78:A1:06,"TP-LINK TECHNOLOGIES CO.,LTD.",false,MA-L,2015/11/17
A8:15:4D,"TP-LINK TECHNOLOGIES CO.,LTD.",false,MA-L,2015/11/17
D4:01:6D,"TP-LINK TECHNOLOGIES CO.,LTD.",false,MA-L,2015/11/17
E8:94:F6,"TP-LINK TECHNOLOGIES CO.,LTD.",false,MA-L,2015/11/17
E8:DE:27,"TP-LINK TECHNOLOGIES CO.,LTD.",false,MA-L,2015/11/17
14:CC:20,"TP-LINK TECHNOLOGIES CO.,LTD.",false,MA-L,2015/11/17
64:56:01,"TP-LINK TECHNOLOGIES CO.,LTD.",false,MA-L,2015/11/17
9C:21:6A,"TP-LINK TECHNOLOGIES CO.,LTD.",false,MA-L,2015/11/17
C4:6E:1F,"TP-LINK TECHNOLOGIES CO.,LTD.",false,MA-L,2015/11/17
CC:34:29,"TP-LINK TECHNOLOGIES CO.,LTD.",false,MA-L,2015/11/17
08:57:00,"TP-LINK TECHNOLOGIES CO.,LTD.",false,MA-L,2015/11/17
30:B5:C2,"TP-LINK TECHNOLOGIES CO.,LTD.",false,MA-L,2015/11/17
A8:57:4E,"TP-LINK TECHNOLOGIES CO.,LTD.",false,MA-L,2015/11/17
C4:E9:84,"TP-LINK TECHNOLOGIES CO.,LTD.",false,MA-L,2015/11/17
D8:15:0D,"TP-LINK TECHNOLOGIES CO.,LTD.",false,MA-L,2015/11/17
50:C7:BF,"TP-LINK TECHNOLOGIES CO.,LTD.",false,MA-L,2015/11/17
54:C8:0F,"TP-LINK TECHNOLOGIES CO.,LTD.",false,MA-L,2015/11/17
60:E3:27,"TP-LINK TECHNOLOGIES CO.,LTD.",false,MA-L,2015/11/17
90:AE:1B,"TP-LINK TECHNOLOGIES CO.,LTD.",false,MA-L,2015/11/17
C0:61:18,"TP-LINK TECHNOLOGIES CO.,LTD.",false,MA-L,2015/11/17
D0:C7:C0,"TP-LINK TECHNOLOGIES CO.,LTD.",false,MA-L,2015/11/17
E4:D3:32,"TP-LINK TECHNOLOGIES CO.,LTD.",false,MA-L,2015/11/17
14:75:90,"TP-LINK TECHNOLOGIES CO.,LTD.",false,MA-L,2015/11/17
3C:46:D8,"TP-LINK TECHNOLOGIES CO.,LTD.",false,MA-L,2015/11/17
50:BD:5F,"TP-LINK TECHNOLOGIES CO.,LTD.",false,MA-L,2015/11/17
F4:F2:6D,"TP-LINK TECHNOLOGIES CO.,LTD.",false,MA-L,2015/11/17
F0:F3:36,"TP-LINK TECHNOLOGIES CO.,LTD.",false,MA-L,2015/11/17
5C:89:9A,"TP-LINK TECHNOLOGIES CO.,LTD.",false,MA-L,2015/11/17
80:89:17,"TP-LINK TECHNOLOGIES CO.,LTD.",false,MA-L,2015/11/17
BC:46:99,"TP-LINK TECHNOLOGIES CO.,LTD.",false,MA-L,2015/11/17
EC:08:6B,"TP-LINK TECHNOLOGIES CO.,LTD.",false,MA-L,2015/11/17
18:A6:F7,"TP-LINK TECHNOLOGIES CO.,LTD.",false,MA-L,2015/11/17
24:69:68,"TP-LINK TECHNOLOGIES CO.,LTD.",false,MA-L,2015/11/17
50:FA:84,"TP-LINK TECHNOLOGIES CO.,LTD.",false,MA-L,2015/11/17
F4:83:CD,"TP-LINK TECHNOLOGIES CO.,LTD.",false,MA-L,2015/11/17
88:25:93,"TP-LINK TECHNOLOGIES CO.,LTD.",false,MA-L,2015/11/17
FC:D7:33,"TP-LINK TECHNOLOGIES CO.,LTD.",false,MA-L,2015/11/17
44:B3:2D,"TP-LINK TECHNOLOGIES CO.,LTD.",false,MA-L,2015/11/17
DC:00:77,"TP-LINK TECHNOLOGIES CO.,LTD.",false,MA-L,2015/11/17
A4:2B:B0,"TP-LINK TECHNOLOGIES CO.,LTD.",false,MA-L,2015/11/17
EC:26:CA,"TP-LINK TECHNOLOGIES CO.,LTD.",false,MA-L,2015/11/17
1C:44:19,"TP-LINK TECHNOLOGIES CO.,LTD.",false,MA-L,2015/11/17
40:3F:8C,"TP-LINK TECHNOLOGIES CO.,LTD.",false,MA-L,2015/11/17
30:B4:9E,"TP-LINK TECHNOLOGIES CO.,LTD.",false,MA-L,2016/01/25
08:1F:71,"TP-LINK TECHNOLOGIES CO.,LTD.",false,MA-L,2016/01/25
98:DE:D0,"TP-LINK TECHNOLOGIES CO.,LTD.",false,MA-L,2016/01/25
30:FC:68,"TP-LINK TECHNOLOGIES CO.,LTD.",false,MA-L,2016/01/25
C0:E4:2D,"TP-LINK TECHNOLOGIES CO.,LTD.",false,MA-L,2016/04/27
18:D6:C7,"TP-LINK TECHNOLOGIES CO.,LTD.",false,MA-L,2016/04/27
8C:A6:DF,"TP-LINK TECHNOLOGIES CO.,LTD.",false,MA-L,2016/04/27
84:16:F9,"TP-LINK TECHNOLOGIES CO.,LTD.",false,MA-L,2016/04/27
C0:25:E9,"TP-LINK TECHNOLOGIES CO.,LTD.",false,MA-L,2016/07/14
D4:6E:0E,"TP-LINK TECHNOLOGIES CO.,LTD.",false,MA-L,2016/07/14
28:EE:52,"TP-LINK TECHNOLOGIES CO.,LTD.",false,MA-L,2016/07/14
B0:95:8E,"TP-LINK TECHNOLOGIES CO.,LTD.",false,MA-L,2016/07/14
70:4F:57,"TP-LINK TECHNOLOGIES CO.,LTD.",false,MA-L,2016/10/30
B8:F8:83,"TP-LINK TECHNOLOGIES CO.,LTD.",false,MA-L,2016/10/30
DC:FE:18,"TP-LINK TECHNOLOGIES CO.,LTD.",false,MA-L,2016/10/30
34:96:72,"TP-LINK TECHNOLOGIES CO.,LTD.",false,MA-L,2016/10/30
B0:4E:26,"TP-LINK TECHNOLOGIES CO.,LTD.",false,MA-L,2017/02/21
20:6B:E7,"TP-LINK TECHNOLOGIES CO.,LTD.",false,MA-L,2017/02/21
48:7D:2E,"TP-LINK TECHNOLOGIES CO.,LTD.",false,MA-L,2017/02/21
7C:8B:CA,"TP-LINK TECHNOLOGIES CO.,LTD.",false,MA-L,2017/02/21
94:D9:B3,"TP-LINK TECHNOLOGIES CO.,LTD.",false,MA-L,2017/04/22
54:75:95,"TP-LINK TECHNOLOGIES CO.,LTD.",false,MA-L,2017/04/22
0C:4B:54,"TP-LINK TECHNOLOGIES CO.,LTD.",false,MA-L,2017/04/22
C4:71:54,"TP-LINK TECHNOLOGIES CO.,LTD.",false,MA-L,2017/04/22
78:44:FD,"TP-LINK TECHNOLOGIES CO.,LTD.",false,MA-L,2017/07/23
50:3E:AA,"TP-LINK TECHNOLOGIES CO.,LTD.",false,MA-L,2017/07/23
AC:84:C6,"TP-LINK TECHNOLOGIES CO.,LTD.",false,MA-L,2017/07/23
48:0E:EC,"TP-LINK TECHNOLOGIES CO.,LTD.",false,MA-L,2017/07/23
9C:A6:15,"TP-LINK TECHNOLOGIES CO.,LTD.",false,MA-L,2017/12/28
D0:76:E7,"TP-LINK TECHNOLOGIES CO.,LTD.",false,MA-L,2017/12/28
0C:80:63,"TP-LINK TECHNOLOGIES CO.,LTD.",false,MA-L,2017/12/28
34:E8:94,"TP-LINK TECHNOLOGIES CO.,LTD.",false,MA-L,2017/12/28
B0:BE:76,"TP-LINK TECHNOLOGIES CO.,LTD.",false,MA-L,2018/06/13
D8:0D:17,"TP-LINK TECHNOLOGIES CO.,LTD.",false,MA-L,2018/06/13
CC:08:FB,"TP-LINK TECHNOLOGIES CO.,LTD.",false,MA-L,2018/06/13
74:05:A5,"TP-LINK TECHNOLOGIES CO.,LTD.",false,MA-L,2018/06/13
80:8F:1D,"TP-LINK TECHNOLOGIES CO.,LTD.",false,MA-L,2018/11/16
68:FF:7B,"TP-LINK TECHNOLOGIES CO.,LTD.",false,MA-L,2018/11/16
98:DA:C4,"TP-LINK TECHNOLOGIES CO.,LTD.",false,MA-L,2018/11/16
54:A7:03,"TP-LINK TECHNOLOGIES CO.,LTD.",false,MA-L,2018/11/16
60:3A:7C,"TP-LINK TECHNOLOGIES CO.,LTD.",false,MA-L,2019/03/26
7C:B5:9B,"TP-LINK TECHNOLOGIES CO.,LTD.",false,MA-L,2019/03/26
D0:37:45,"TP-LINK TECHNOLOGIES CO.,LTD.",false,MA-L,2019/03/26
50:D4:F7,"TP-LINK TECHNOLOGIES CO.,LTD.",false,MA-L,2019/03/26
98:48:27,"TP-LINK TECHNOLOGIES CO.,LTD.",false,MA-L,2019/07/10
74:DA:88,"TP-LINK TECHNOLOGIES CO.,LTD.",false,MA-L,2019/07/10
CC:32:E5,"TP-LINK TECHNOLOGIES CO.,LTD.",false,MA-L,2019/07/10
1C:3B:F3,"TP-LINK TECHNOLOGIES CO.,LTD.",false,MA-L,2019/07/10
D8:07:B6,"TP-LINK TECHNOLOGIES CO.,LTD.",false,MA-L,2019/12/05
64:6E:97,"TP-LINK TECHNOLOGIES CO.,LTD.",false,MA-L,2019/12/05
B0:95:75,"TP-LINK TECHNOLOGIES CO.,LTD.",false,MA-L,2019/12/05
D8:47:32,"TP-LINK TECHNOLOGIES CO.,LTD.",false,MA-L,2019/12/05
60:32:B1,"TP-LINK TECHNOLOGIES CO.,LTD.",false,MA-L,2020/05/01
80:EA:07,"TP-LINK TECHNOLOGIES CO.,LTD.",false,MA-L,2020/05/01
3C:84:6A,"TP-LINK TECHNOLOGIES CO.,LTD.",false,MA-L,2020/05/01
84:D8:1B,"TP-LINK TECHNOLOGIES CO.,LTD.",false,MA-L,2020/05/01
C0:C9:E3,"TP-LINK TECHNOLOGIES CO.,LTD.",false,MA-L,2020/08/13
F8:8C:21,"TP-LINK TECHNOLOGIES CO.,LTD.",false,MA-L,2020/08/13
E4:C3:2A,"TP-LINK TECHNOLOGIES CO.,LTD.",false,MA-L,2020/08/13
90:9A:4A,"TP-LINK TECHNOLOGIES CO.,LTD.",false,MA-L,2020/08/13
34:F7:16,"TP-LINK TECHNOLOGIES CO.,LTD.",false,MA-L,2020/11/11
F4:2A:7D,"TP-LINK TECHNOLOGIES CO.,LTD.",false,MA-L,2020/11/11
58:41:20,"TP-LINK TECHNOLOGIES CO.,LTD.",false,MA-L,2020/11/11
3C:06:A7,"TP-LINK TECHNOLOGIES CO.,LTD.",false,MA-L,2020/11/11
68:77:24,"TP-LINK TECHNOLOGIES CO.,LTD.",false,MA-L,2021/07/13
98:97:CC,"TP-LINK TECHNOLOGIES CO.,LTD.",false,MA-L,2021/07/13
18:F2:2C,"TP-LINK TECHNOLOGIES CO.,LTD.",false,MA-L,2021/07/13
A4:1A:3A,"TP-LINK TECHNOLOGIES CO.,LTD.",false,MA-L,2021/07/13
6C:B1:58,"TP-LINK TECHNOLOGIES CO.,LTD.",false,MA-L,2021/12/29
F4:84:8D,"TP-LINK TECHNOLOGIES CO.,LTD.",false,MA-L,2021/12/29
F4:6D:2F,"TP-LINK TECHNOLOGIES CO.,LTD.",false,MA-L,2021/12/29
EC:60:73,"TP-LINK TECHNOLOGIES CO.,LTD.",false,MA-L,2021/12/29
00:00:0C,"Cisco Systems, Inc",false,MA-L,2015/11/17
00:06:7C,"Cisco Systems, Inc",false,MA-L,2015/11/17
00:06:C1,"Cisco Systems, Inc",false,MA-L,2015/11/17
00:10:07,"Cisco Systems, Inc",false,MA-L,2015/11/17
00:10:0B,"Cisco Systems, Inc",false,MA-L,2015/11/17
00:10:0D,"Cisco Systems, Inc",false,MA-L,2015/11/17
00:10:11,"Cisco Systems, Inc",false,MA-L,2015/11/17
00:10:14,"Cisco Systems, Inc",false,MA-L,2015/11/17
00:10:1F,"Cisco Systems, Inc",false,MA-L,2015/11/17
00:10:29,"Cisco Systems, Inc",false,MA-L,2015/11/17
00:10:2F,"Cisco Systems, Inc",false,MA-L,2015/11/17
00:10:79,"Cisco Systems, Inc",false,MA-L,2015/11/17
00:10:7B,"Cisco Systems, Inc",false,MA-L,2015/11/17
00:10:A6,"Cisco Systems, Inc",false,MA-L,2015/11/17
00:10:F6,"Cisco Systems, Inc",false,MA-L,2015/11/17
00:10:FF,"Cisco Systems, Inc",false,MA-L,2015/11/17
00:40:96,"Cisco Systems, Inc",false,MA-L,2015/11/17
00:60:09,"Cisco Systems, Inc",false,MA-L,2015/11/17
00:60:2F,"Cisco Systems, Inc",false,MA-L,2015/11/17
00:60:3E,"Cisco Systems, Inc",false,MA-L,2015/11/17
00:60:47,"Cisco Systems, Inc",false,MA-L,2015/11/17
00:60:5C,"Cisco Systems, Inc",false,MA-L,2015/11/17
00:60:70,"Cisco Systems, Inc",false,MA-L,2015/11/17
00:60:83,"Cisco Systems, Inc",false,MA-L,2015/11/17
00:90:0C,"Cisco Systems, Inc",false,MA-L,2015/11/17
00:90:2B,"Cisco Systems, Inc",false,MA-L,2015/11/17
00:90:5F,"Cisco Systems, Inc",false,MA-L,2015/11/17
00:90:92,"Cisco Systems, Inc",false,MA-L,2015/11/17
00:90:D9,"Cisco Systems, Inc",false,MA-L,2015/11/17
00:90:F2,"Cisco Systems, Inc",false,MA-L,2015/11/17
00:E0:14,"Cisco Systems, Inc",false,MA-L,2015/11/17
00:E0:1E,"Cisco Systems, Inc",false,MA-L,2015/11/17
00:E0:34,"Cisco Systems, Inc",false,MA-L,2015/11/17
00:E0:4F,"Cisco Systems, Inc",false,MA-L,2015/11/17
00:E0:8F,"Cisco Systems, Inc",false,MA-L,2015/11/17
00:E0:A3,"Cisco Systems, Inc",false,MA-L,2015/11/17
00:E0:B0,"Cisco Systems, Inc",false,MA-L,2015/11/17
00:E0:F7,"Cisco Systems, Inc",false,MA-L,2015/11/17
00:E0:F9,"Cisco Systems, Inc",false,MA-L,2015/11/17
00:E0:FE,"Cisco Systems, Inc",false,MA-L,2015/11/17
00:01:42,"Cisco Systems, Inc",false,MA-L,2015/11/17
00:01:43,"Cisco Systems, Inc",false,MA-L,2015/11/17
00:01:63,"Cisco Systems, Inc",false,MA-L,2015/11/17
00:01:64,"Cisco Systems, Inc",false,MA-L,2015/11/17
00:01:96,"Cisco Systems, Inc",false,MA-L,2015/11/17
00:01:97,"Cisco Systems, Inc",false,MA-L,2015/11/17
00:01:C7,"Cisco Systems, Inc",false,MA-L,2015/11/17
00:01:C9,"Cisco Systems, Inc",false,MA-L,2015/11/17
00:02:16,"Cisco Systems, Inc",false,MA-L,2015/11/17
00:02:17,"Cisco Systems, Inc",false,MA-L,2015/11/17
00:02:3D,"Cisco Systems, Inc",false,MA-L,2015/11/17
00:02:4A,"Cisco Systems, Inc",false,MA-L,2015/11/17
00:02:4B,"Cisco Systems, Inc",false,MA-L,2015/11/17
00:02:7D,"Cisco Systems, Inc",false,MA-L,2015/11/17
00:02:7E,"Cisco Systems, Inc",false,MA-L,2015/11/17
00:02:B9,"Cisco Systems, Inc",false,MA-L,2015/11/17
00:02:BA,"Cisco Systems, Inc",false,MA-L,2015/11/17
00:02:FC,"Cisco Systems, Inc",false,MA-L,2015/11/17
00:02:FD,"Cisco Systems, Inc",false,MA-L,2015/11/17
00:03:31,"Cisco Systems, Inc",false,MA-L,2015/11/17
00:03:32,"Cisco Systems, Inc",false,MA-L,2015/11/17
00:03:6B,"Cisco Systems, Inc",false,MA-L,2015/11/17
00:03:6C,"Cisco Systems, Inc",false,MA-L,2015/11/17
00:03:9F,"Cisco Systems, Inc",false,MA-L,2015/11/17
00:03:A0,"Cisco Systems, Inc",false,MA-L,2015/11/17
00:03:E3,"Cisco Systems, Inc",false,MA-L,2015/11/17
00:03:E4,"Cisco Systems, Inc",false,MA-L,2015/11/17
00:03:FD,"Cisco Systems, Inc",false,MA-L,2015/11/17
00:03:FE,"Cisco Systems, Inc",false,MA-L,2015/11/17
00:04:27,"Cisco Systems, Inc",false,MA-L,2015/11/17
00:04:28,"Cisco Systems, Inc",false,MA-L,2015/11/17
00:10:54,"Cisco Systems, Inc",false,MA-L,2015/11/17
00:30:19,"Cisco Systems, Inc",false,MA-L,2015/11/17
00:30:24,"Cisco Systems, Inc",false,MA-L,2015/11/17
00:30:40,"Cisco Systems, Inc",false,MA-L,2015/11/17
00:30:71,"Cisco Systems, Inc",false,MA-L,2015/11/17
00:30:78,"Cisco Systems, Inc",false,MA-L,2015/11/17
00:30:7B,"Cisco Systems, Inc",false,MA-L,2015/11/17
00:30:80,"Cisco Systems, Inc",false,MA-L,2015/11/17
00:30:85,"Cisco Systems, Inc",false,MA-L,2015/11/17
00:30:94,"Cisco Systems, Inc",false,MA-L,2015/11/17
00:30:96,"Cisco Systems, Inc",false,MA-L,2015/11/17
00:30:A3,"Cisco Systems, Inc",false,MA-L,2015/11/17
00:30:B6,"Cisco Systems, Inc",false,MA-L,2015/11/17
00:30:F2,"Cisco Systems, Inc",false,MA-L,2015/11/17
00:40:0B,"Cisco Systems, Inc",false,MA-L,2015/11/17
00:50:0B,"Cisco Systems, Inc",false,MA-L,2015/11/17
00:50:0F,"Cisco Systems, Inc",false,MA-L,2015/11/17
00:50:14,"Cisco Systems, Inc",false,MA-L,2015/11/17
00:50:2A,"Cisco Systems, Inc",false,MA-L,2015/11/17
00:50:3E,"Cisco Systems, Inc",false,MA-L,2015/11/17
00:50:50,"Cisco Systems, Inc",false,MA-L,2015/11/17
00:50:53,"Cisco Systems, Inc",false,MA-L,2015/11/17
00:50:54,"Cisco Systems, Inc",false,MA-L,2015/11/17
00:50:73,"Cisco Systems, Inc",false,MA-L,2015/11/17
00:50:80,"Cisco Systems, Inc",false,MA-L,2015/11/17
00:50:A2,"Cisco Systems, Inc",false,MA-L,2015/11/17
00:50:A7,"Cisco Systems, Inc",false,MA-L,2015/11/17
00:50:BD,"Cisco Systems, Inc",false,MA-L,2015/11/17
00:50:D1,"Cisco Systems, Inc",false,MA-L,2015/11/17
00:50:E2,"Cisco Systems, Inc",false,MA-L,2015/11/17
00:50:F0,"Cisco Systems, Inc",false,MA-L,2015/11/17
00:90:21,"Cisco Systems, Inc",false,MA-L,2015/11/17
00:90:6D,"Cisco Systems, Inc",false,MA-L,2015/11/17
00:90:6F,"Cisco Systems, Inc",false,MA-L,2015/11/17
00:90:86,"Cisco Systems, Inc",false,MA-L,2015/11/17
00:90:A6,"Cisco Systems, Inc",false,MA-L,2015/11/17
00:90:AB,"Cisco Systems, Inc",false,MA-L,2015/11/17
00:90:B1,"Cisco Systems, Inc",false,MA-L,2015/11/17
00:90:BF,"Cisco Systems, Inc",false,MA-L,2015/11/17
00:B0:4A,"Cisco Systems, Inc",false,MA-L,2015/11/17
00:B0:64,"Cisco Systems, Inc",false,MA-L,2015/11/17
00:B0:8E,"Cisco Systems, Inc",false,MA-L,2015/11/17
00:B0:C2,"Cisco Systems, Inc",false,MA-L,2015/11/17
00:D0:06,"Cisco Systems, Inc",false,MA-L,2015/11/17
00:D0:58,"Cisco Systems, Inc",false,MA-L,2015/11/17
00:D0:63,"Cisco Systems, Inc",false,MA-L,2015/11/17
00:D0:79,"Cisco Systems, Inc",false,MA-L,2015/11/17
00:D0:90,"Cisco Systems, Inc",false,MA-L,2015/11/17
00:D0:97,"Cisco Systems, Inc",false,MA-L,2015/11/17
00:D0:BA,"Cisco Systems, Inc",false,MA-L,2015/11/17
00:D0:BB,"Cisco Systems, Inc",false,MA-L,2015/11/17
00:D0:BC,"Cisco Systems, Inc",false,MA-L,2015/11/17
00:D0:C0,"Cisco Systems, Inc",false,MA-L,2015/11/17
00:D0:D3,"Cisco Systems, Inc",false,MA-L,2015/11/17
00:D0:E4,"Cisco Systems, Inc",false,MA-L,2015/11/17
00:D0:FF,"Cisco Systems, Inc",false,MA-L,2015/11/17
00:04:4D,"Cisco Systems, Inc",false,MA-L,2015/11/17
00:04:4E,"Cisco Systems, Inc",false,MA-L,2015/11/17
00:04:6D,"Cisco Systems, Inc",false,MA-L,2015/11/17
00:04:6E,"Cisco Systems, Inc",false,MA-L,2015/11/17
00:04:9A,"Cisco Systems, Inc",false,MA-L,2015/11/17
00:04:9B,"Cisco Systems, Inc",false,MA-L,2015/11/17
00:04:C0,"Cisco Systems, Inc",false,MA-L,2015/11/17
00:04:C1,"Cisco Systems, Inc",false,MA-L,2015/11/17
00:04:DD,"Cisco Systems, Inc",false,MA-L,2015/11/17
00:04:DE,"Cisco Systems, Inc",false,MA-L,2015/11/17
00:05:00,"Cisco Systems, Inc",false,MA-L,2015/11/17
00:05:01,"Cisco Systems, Inc",false,MA-L,2015/11/17
00:05:31,"Cisco Systems, Inc",false,MA-L,2015/11/17
00:05:32,"Cisco Systems, Inc",false,MA-L,2015/11/17
00:05:5E,"Cisco Systems, Inc",false,MA-L,2015/11/17
00:05:5F,"Cisco Systems, Inc",false,MA-L,2015/11/17
00:05:73,"Cisco Systems, Inc",false,MA-L,2015/11/17
00:05:74,"Cisco Systems, Inc",false,MA-L,2015/11/17
00:05:9A,"Cisco Systems, Inc",false,MA-L,2015/11/17
00:05:9B,"Cisco Systems, Inc",false,MA-L,2015/11/17
00:05:DC,"Cisco Systems, Inc",false,MA-L,2015/11/17
00:05:DD,"Cisco Systems, Inc",false,MA-L,2015/11/17
00:06:28,"Cisco Systems, Inc",false,MA-L,2015/11/17
00:06:2A,"Cisco Systems, Inc",false,MA-L,2015/11/17
00:06:52,"Cisco Systems, Inc",false,MA-L,2015/11/17
00:06:53,"Cisco Systems, Inc",false,MA-L,2015/11/17
00:06:D6,"Cisco Systems, Inc",false,MA-L,2015/11/17
00:06:D7,"Cisco Systems, Inc",false,MA-L,2015/11/17
00:07:0D,"Cisco Systems, Inc",false,MA-L,2015/11/17
00:07:0E,"Cisco Systems, Inc",false,MA-L,2015/11/17
00:07:4F,"Cisco Systems, Inc",false,MA-L,2015/11/17
00:07:50,"Cisco Systems, Inc",false,MA-L,2015/11/17
00:07:84,"Cisco Systems, Inc",false,MA-L,2015/11/17
00:07:85,"Cisco Systems, Inc",false,MA-L,2015/11/17
00:07:B3,"Cisco Systems, Inc",false,MA-L,2015/11/17
00:07:B4,"Cisco Systems, Inc",false,MA-L,2015/11/17
00:07:EB,"Cisco Systems, Inc",false,MA-L,2015/11/17
00:07:EC,"Cisco Systems, Inc",false,MA-L,2015/11/17
00:08:20,"Cisco Systems, Inc",false,MA-L,2015/11/17
00:08:21,"Cisco Systems, Inc",false,MA-L,2015/11/17
00:08:7C,"Cisco Systems, Inc",false,MA-L,2015/11/17
00:08:7D,"Cisco Systems, Inc",false,MA-L,2015/11/17
00:08:A3,"Cisco Systems, Inc",false,MA-L,2015/11/17
00:08:A4,"Cisco Systems, Inc",false,MA-L,2015/11/17
00:08:C2,"Cisco Systems, Inc",false,MA-L,2015/11/17
00:08:E2,"Cisco Systems, Inc",false,MA-L,2015/11/17
00:08:E3,"Cisco Systems, Inc",false,MA-L,2015/11/17
00:09:11,"Cisco Systems, Inc",false,MA-L,2015/11/17
00:09:12,"Cisco Systems, Inc",false,MA-L,2015/11/17
00:09:43,"Cisco Systems, Inc",false,MA-L,2015/11/17
00:09:44,"Cisco Systems, Inc",false,MA-L,2015/11/17
00:09:7B,"Cisco Systems, Inc",false,MA-L,2015/11/17
00:09:7C,"Cisco Systems, Inc",false,MA-L,2015/11/17
00:09:B6,"Cisco Systems, Inc",false,MA-L,2015/11/17
00:09:B7,"Cisco Systems, Inc",false,MA-L,2015/11/17
00:09:E8,"Cisco Systems, Inc",false,MA-L,2015/11/17
00:09:E9,"Cisco Systems, Inc",false,MA-L,2015/11/17
00:0A:41,"Cisco Systems, Inc",false,MA-L,2015/11/17
00:0A:42,"Cisco Systems, Inc",false,MA-L,2015/11/17
00:0A:8A,"Cisco Systems, Inc",false,MA-L,2015/11/17
00:0A:8B,"Cisco Systems, Inc",false,MA-L,2015/11/17
00:0A:B7,"Cisco Systems, Inc",false,MA-L,2015/11/17
00:0A:B8,"Cisco Systems, Inc",false,MA-L,2015/11/17
00:0A:F3,"Cisco Systems, Inc",false,MA-L,2015/11/17
00:0A:F4,"Cisco Systems, Inc",false,MA-L,2015/11/17
00:0B:45,"Cisco Systems, Inc",false,MA-L,2015/11/17
00:0B:46,"Cisco Systems, Inc",false,MA-L,2015/11/17
00:0B:5F,"Cisco Systems, Inc",false,MA-L,2015/11/17
00:0B:60,"Cisco Systems, Inc",false,MA-L,2015/11/17
00:0B:85,"Cisco Systems, Inc",false,MA-L,2015/11/17
00:0B:BE,"Cisco Systems, Inc",false,MA-L,2015/11/17
00:0B:BF,"Cisco Systems, Inc",false,MA-L,2015/11/17
00:0B:FC,"Cisco Systems, Inc",false,MA-L,2015/11/17
00:0B:FD,"Cisco Systems, Inc",false,MA-L,2015/11/17
00:0C:30,"Cisco Systems, Inc",false,MA-L,2015/11/17
00:0C:31,"Cisco Systems, Inc",false,MA-L,2015/11/17
00:0C:85,"Cisco Systems, Inc",false,MA-L,2015/11/17
00:0C:86,"Cisco Systems, Inc",false,MA-L,2015/11/17
00:0C:CE,"Cisco Systems, Inc",false,MA-L,2015/11/17
00:0C:CF,"Cisco Systems, Inc",false,MA-L,2015/11/17
00:0D:28,"Cisco Systems, Inc",false,MA-L,2015/11/17
00:0D:29,"Cisco Systems, Inc",false,MA-L,2015/11/17
00:0D:65,"Cisco Systems, Inc",false,MA-L,2015/11/17
00:0D:66,"Cisco Systems, Inc",false,MA-L,2015/11/17
00:0D:BC,"Cisco Systems, Inc",false,MA-L,2015/11/17
00:0D:BD,"Cisco Systems, Inc",false,MA-L,2015/11/17
00:0D:EC,"Cisco Systems, Inc",false,MA-L,2015/11/17
00:0D:ED,"Cisco Systems, Inc",false,MA-L,2015/11/17
00:0E:38,"Cisco Systems, Inc",false,MA-L,2015/11/17
00:0E:39,"Cisco Systems, Inc",false,MA-L,2015/11/17
00:0E:83,"Cisco Systems, Inc",false,MA-L,2015/11/17
00:0E:84,"Cisco Systems, Inc",false,MA-L,2015/11/17
00:0E:D6,"Cisco Systems, Inc",false,MA-L,2015/11/17
00:0E:D7,"Cisco Systems, Inc",false,MA-L,2015/11/17
00:0F:23,"Cisco Systems, Inc",false,MA-L,2015/11/17
00:0F:24,"Cisco Systems, Inc",false,MA-L,2015/11/17
00:0F:34,"Cisco Systems, Inc",false,MA-L,2015/11/17
00:0F:35,"Cisco Systems, Inc",false,MA-L,2015/11/17
00:0F:8F,"Cisco Systems, Inc",false,MA-L,2015/11/17
00:0F:90,"Cisco Systems, Inc",false,MA-L,2015/11/17
00:0F:F7,"Cisco Systems, Inc",false,MA-L,2015/11/17
00:0F:F8,"Cisco Systems, Inc",false,MA-L,2015/11/17
00:11:20,"Cisco Systems, Inc",false,MA-L,2015/11/17
00:11:21,"Cisco Systems, Inc",false,MA-L,2015/11/17
00:11:5C,"Cisco Systems, Inc",false,MA-L,2015/11/17
00:11:5D,"Cisco Systems, Inc",false,MA-L,2015/11/17
00:11:92,"Cisco Systems, Inc",false,MA-L,2015/11/17
00:11:93,"Cisco Systems, Inc",false,MA-L,2015/11/17
00:11:BB,"Cisco Systems, Inc",false,MA-L,2015/11/17
00:11:BC,"Cisco Systems, Inc",false,MA-L,2015/11/17
00:12:00,"Cisco Systems, Inc",false,MA-L,2015/11/17
00:12:01,"Cisco Systems, Inc",false,MA-L,2015/11/17
00:12:43,"Cisco Systems, Inc",false,MA-L,2015/11/17
00:12:44,"Cisco Systems, Inc",false,MA-L,2015/11/17
00:12:7F,"Cisco Systems, Inc",false,MA-L,2015/11/17
00:12:80,"Cisco Systems, Inc",false,MA-L,2015/11/17
00:12:D9,"Cisco Systems, Inc",false,MA-L,2015/11/17
00:12:DA,"Cisco Systems, Inc",false,MA-L,2015/11/17
00:13:19,"Cisco Systems, Inc",false,MA-L,2015/11/17
00:13:1A,"Cisco Systems, Inc",false,MA-L,2015/11/17
00:13:5F,"Cisco Systems, Inc",false,MA-L,2015/11/17
00:13:60,"Cisco Systems, Inc",false,MA-L,2015/11/17
00:13:7F,"Cisco Systems, Inc",false,MA-L,2015/11/17
00:13:80,"Cisco Systems, Inc",false,MA-L,2015/11/17
00:13:C3,"Cisco Systems, Inc",false,MA-L,2015/11/17
00:13:C4,"Cisco Systems, Inc",false,MA-L,2015/11/17
00:14:1B,"Cisco Systems, Inc",false,MA-L,2015/11/17
00:14:1C,"Cisco Systems, Inc",false,MA-L,2015/11/17
00:14:69,"Cisco Systems, Inc",false,MA-L,2015/11/17
00:14:6A,"Cisco Systems, Inc",false,MA-L,2015/11/17
00:14:A8,"Cisco Systems, Inc",false,MA-L,2015/11/17
00:14:A9,"Cisco Systems, Inc",false,MA-L,2015/11/17
00:14:F1,"Cisco Systems, Inc",false,MA-L,2015/11/17
00:14:F2,"Cisco Systems, Inc",false,MA-L,2015/11/17
00:15:2B,"Cisco Systems, Inc",false,MA-L,2015/11/17
00:15:2C,"Cisco Systems, Inc",false,MA-L,2015/11/17
00:15:62,"Cisco Systems, Inc",false,MA-L,2015/11/17
00:15:63,"Cisco Systems, Inc",false,MA-L,2015/11/17
00:15:C6,"Cisco Systems, Inc",false,MA-L,2015/11/17
00:15:C7,"Cisco Systems, Inc",false,MA-L,2015/11/17
00:15:F9,"Cisco Systems, Inc",false,MA-L,2015/11/17
00:15:FA,"Cisco Systems, Inc",false,MA-L,2015/11/17
00:16:46,"Cisco Systems, Inc",false,MA-L,2015/11/17
00:16:47,"Cisco Systems, Inc",false,MA-L,2015/11/17
00:16:9C,"Cisco Systems, Inc",false,MA-L,2015/11/17
00:16:9D,"Cisco Systems, Inc",false,MA-L,2015/11/17
00:16:C7,"Cisco Systems, Inc",false,MA-L,2015/11/17
00:16:C8,"Cisco Systems, Inc",false,MA-L,2015/11/17
00:17:0E,"Cisco Systems, Inc",false,MA-L,2015/11/17
00:17:0F,"Cisco Systems, Inc",false,MA-L,2015/11/17
00:17:3B,"Cisco Systems, Inc",false,MA-L,2015/11/17
00:17:59,"Cisco Systems, Inc",false,MA-L,2015/11/17
00:17:5A,"Cisco Systems, Inc",false,MA-L,2015/11/17
00:17:94,"Cisco Systems, Inc",false,MA-L,2015/11/17
00:17:95,"Cisco Systems, Inc",false,MA-L,2015/11/17
00:17:DF,"Cisco Systems, Inc",false,MA-L,2015/11/17
00:17:E0,"Cisco Systems, Inc",false,MA-L,2015/11/17
00:18:18,"Cisco Systems, Inc",false,MA-L,2015/11/17
00:18:19,"Cisco Systems, Inc",false,MA-L,2015/11/17
00:18:73,"Cisco Systems, Inc",false,MA-L,2015/11/17
00:18:74,"Cisco Systems, Inc",false,MA-L,2015/11/17
00:18:B9,"Cisco Systems, Inc",false,MA-L,2015/11/17
00:18:BA,"Cisco Systems, Inc",false,MA-L,2015/11/17
00:19:06,"Cisco Systems, Inc",false,MA-L,2015/11/17
00:19:07,"Cisco Systems, Inc",false,MA-L,2015/11/17
00:19:2F,"Cisco Systems, Inc",false,MA-L,2015/11/17
00:19:30,"Cisco Systems, Inc",false,MA-L,2015/11/17
00:19:55,"Cisco Systems, Inc",false,MA-L,2015/11/17
00:19:56,"Cisco Systems, Inc",false,MA-L,2015/11/17
00:19:A9,"Cisco Systems, Inc",false,MA-L,2015/11/17
00:19:AA,"Cisco Systems, Inc",false,MA-L,2015/11/17
00:19:E7,"Cisco Systems, Inc",false,MA-L,2015/11/17
00:19:E8,"Cisco Systems, Inc",false,MA-L,2015/11/17
00:1A:2F,"Cisco Systems, Inc",false,MA-L,2015/11/17
00:1A:30,"Cisco Systems, Inc",false,MA-L,2015/11/17
00:1A:6C,"Cisco Systems, Inc",false,MA-L,2015/11/17
00:1A:6D,"Cisco Systems, Inc",false,MA-L,2015/11/17
00:1A:A1,"Cisco Systems, Inc",false,MA-L,2015/11/17
00:1A:A2,"Cisco Systems, Inc",false,MA-L,2015/11/17
00:1A:E2,"Cisco Systems, Inc",false,MA-L,2015/11/17
00:1A:E3,"Cisco Systems, Inc",false,MA-L,2015/11/17
00:1B:0C,"Cisco Systems, Inc",false,MA-L,2015/11/17
00:1B:0D,"Cisco Systems, Inc",false,MA-L,2015/11/17
00:1B:2A,"Cisco Systems, Inc",false,MA-L,2015/11/17
00:1B:2B,"Cisco Systems, Inc",false,MA-L,2015/11/17
00:1B:53,"Cisco Systems, Inc",false,MA-L,2015/11/17
00:1B:54,"Cisco Systems, Inc",false,MA-L,2015/11/17
00:1B:67,Cisco Systems Inc,false,MA-L,2015/11/17
00:1B:8F,"Cisco Systems, Inc",false,MA-L,2015/11/17
00:1B:90,"Cisco Systems, Inc",false,MA-L,2015/11/17
00:1B:D4,"Cisco Systems, Inc",false,MA-L,2015/11/17
00:1B:D5,"Cisco Systems, Inc",false,MA-L,2015/11/17
00:1C:0E,"Cisco Systems, Inc",false,MA-L,2015/11/17
00:1C:0F,"Cisco Systems, Inc",false,MA-L,2015/11/17
00:1C:57,"Cisco Systems, Inc",false,MA-L,2015/11/17
00:1C:58,"Cisco Systems, Inc",false,MA-L,2015/11/17
00:1C:B0,"Cisco Systems, Inc",false,MA-L,2015/11/17
00:1C:B1,"Cisco Systems, Inc",false,MA-L,2015/11/17
00:1C:F6,"Cisco Systems, Inc",false,MA-L,2015/11/17
00:1C:F9,"Cisco Systems, Inc",false,MA-L,2015/11/17
00:1D:45,"Cisco Systems, Inc",false,MA-L,2015/11/17
00:1D:46,"Cisco Systems, Inc",false,MA-L,2015/11/17
00:1D:70,"Cisco Systems, Inc",false,MA-L,2015/11/17
00:1D:71,"Cisco Systems, Inc",false,MA-L,2015/11/17
00:1D:A1,"Cisco Systems, Inc",false,MA-L,2015/11/17
00:1D:A2,"Cisco Systems, Inc",false,MA-L,2015/11/17
00:1D:E5,"Cisco Systems, Inc",false,MA-L,2015/11/17
00:1D:E6,"Cisco Systems, Inc",false,MA-L,2015/11/17
00:1E:13,"Cisco Systems, Inc",false,MA-L,2015/11/17
00:1E:14,"Cisco Systems, Inc",false,MA-L,2015/11/17
00:1E:49,"Cisco Systems, Inc",false,MA-L,2015/11/17
00:1E:4A,"Cisco Systems, Inc",false,MA-L,2015/11/17
00:1E:79,"Cisco Systems, Inc",false,MA-L,2015/11/17
00:1E:7A,"Cisco Systems, Inc",false,MA-L,2015/11/17
00:1E:BD,"Cisco Systems, Inc",false,MA-L,2015/11/17
00:1E:BE,"Cisco Systems, Inc",false,MA-L,2015/11/17
00:1E:F6,"Cisco Systems, Inc",false,MA-L,2015/11/17
00:1E:F7,"Cisco Systems, Inc",false,MA-L,2015/11/17
00:1F:26,"Cisco Systems, Inc",false,MA-L,2015/11/17
00:1F:27,"Cisco Systems, Inc",false,MA-L,2015/11/17
00:1F:6C,"Cisco Systems, Inc",false,MA-L,2015/11/17
00:1F:6D,"Cisco Systems, Inc",false,MA-L,2015/11/17
00:1F:9D,"Cisco Systems, Inc",false,MA-L,2015/11/17
00:1F:9E,"Cisco Systems, Inc",false,MA-L,2015/11/17
00:1F:C9,"Cisco Systems, Inc",false,MA-L,2015/11/17
00:1F:CA,"Cisco Systems, Inc",false,MA-L,2015/11/17
00:21:1B,"Cisco Systems, Inc",false,MA-L,2015/11/17
00:21:1C,"Cisco Systems, Inc",false,MA-L,2015/11/17
00:21:55,"Cisco Systems, Inc",false,MA-L,2015/11/17
00:21:56,"Cisco Systems, Inc",false,MA-L,2015/11/17
00:21:A0,"Cisco Systems, Inc",false,MA-L,2015/11/17
00:21:A1,"Cisco Systems, Inc",false,MA-L,2015/11/17
00:21:D7,"Cisco Systems, Inc",false,MA-L,2015/11/17
00:21:D8,"Cisco Systems, Inc",false,MA-L,2015/11/17
00:22:0C,"Cisco Systems, Inc",false,MA-L,2015/11/17
00:22:0D,"Cisco Systems, Inc",false,MA-L,2015/11/17
00:22:55,"Cisco Systems, Inc",false,MA-L,2015/11/17
00:22:56,"Cisco Systems, Inc",false,MA-L,2015/11/17
00:22:90,"Cisco Systems, Inc",false,MA-L,2015/11/17
00:22:91,"Cisco Systems, Inc",false,MA-L,2015/11/17
00:22:BD,"Cisco Systems, Inc",false,MA-L,2015/11/17
00:22:BE,"Cisco Systems, Inc",false,MA-L,2015/11/17
00:23:04,"Cisco Systems, Inc",false,MA-L,2015/11/17
00:23:05,"Cisco Systems, Inc",false,MA-L,2015/11/17
00:23:33,"Cisco Systems, Inc",false,MA-L,2015/11/17
00:23:34,"Cisco Systems, Inc",false,MA-L,2015/11/17
00:23:5D,"Cisco Systems, Inc",false,MA-L,2015/11/17
00:23:5E,"Cisco Systems, Inc",false,MA-L,2015/11/17
00:23:AB,"Cisco Systems, Inc",false,MA-L,2015/11/17
00:23:AC,"Cisco Systems, Inc",false,MA-L,2015/11/17
00:23:EA,"Cisco Systems, Inc",false,MA-L,2015/11/17
00:23:EB,"Cisco Systems, Inc",false,MA-L,2015/11/17
00:24:13,"Cisco Systems, Inc",false,MA-L,2015/11/17
00:24:14,"Cisco Systems, Inc",false,MA-L,2015/11/17
00:24:50,"Cisco Systems, Inc",false,MA-L,2015/11/17
00:24:51,"Cisco Systems, Inc",false,MA-L,2015/11/17
00:24:97,"Cisco Systems, Inc",false,MA-L,2015/11/17
00:24:98,"Cisco Systems, Inc",false,MA-L,2015/11/17
00:24:C3,"Cisco Systems, Inc",false,MA-L,2015/11/17
00:24:C4,"Cisco Systems, Inc",false,MA-L,2015/11/17
00:24:F7,"Cisco Systems, Inc",false,MA-L,2015/11/17
00:24:F9,"Cisco Systems, Inc",false,MA-L,2015/11/17
00:25:45,"Cisco Systems, Inc",false,MA-L,2015/11/17
00:25:46,"Cisco Systems, Inc",false,MA-L,2015/11/17
00:25:83,"Cisco Systems, Inc",false,MA-L,2015/11/17
00:25:84,"Cisco Systems, Inc",false,MA-L,2015/11/17
00:25:B4,"Cisco Systems, Inc",false,MA-L,2015/11/17
00:25:B5,"Cisco Systems, Inc",false,MA-L,2015/11/17
00:26:0A,"Cisco Systems, Inc",false,MA-L,2015/11/17
00:26:0B,"Cisco Systems, Inc",false,MA-L,2015/11/17
00:26:51,"Cisco Systems, Inc",false,MA-L,2015/11/17
00:26:52,"Cisco Systems, Inc",false,MA-L,2015/11/17
00:26:98,"Cisco Systems, Inc",false,MA-L,2015/11/17
00:26:99,"Cisco Systems, Inc",false,MA-L,2015/11/17
00:26:CA,"Cisco Systems, Inc",false,MA-L,2015/11/17
00:26:CB,"Cisco Systems, Inc",false,MA-L,2015/11/17
00:27:0C,"Cisco Systems, Inc",false,MA-L,2015/11/17
00:27:0D,"Cisco Systems, Inc",false,MA-L,2015/11/17
00:3A:98,"Cisco Systems, Inc",false,MA-L,2015/11/17
00:3A:99,"Cisco Systems, Inc",false,MA-L,2015/11/17
00:3A:9A,"Cisco Systems, Inc",false,MA-L,2015/11/17
00:3A:9B,"Cisco Systems, Inc",false,MA-L,2015/11/17
00:3A:9C,"Cisco Systems, Inc",false,MA-L,2015/11/17
00:64:40,"Cisco Systems, Inc",false,MA-L,2015/11/17
04:FE:7F,"Cisco Systems, Inc",false,MA-L,2015/11/17
3C:DF:1E,"Cisco Systems, Inc",false,MA-L,2015/11/17
64:16:8D,"Cisco Systems, Inc",false,MA-L,2015/11/17
88:43:E1,"Cisco Systems, Inc",false,MA-L,2015/11/17
9C:AF:CA,"Cisco Systems, Inc",false,MA-L,2015/11/17
C4:7D:4F,"Cisco Systems, Inc",false,MA-L,2015/11/17
EC:30:91,"Cisco Systems, Inc",false,MA-L,2015/11/17
EC:44:76,"Cisco Systems, Inc",false,MA-L,2015/11/17
F4:AC:C1,"Cisco Systems, Inc",false,MA-L,2015/11/17
08:1F:F3,"Cisco Systems, Inc",false,MA-L,2015/11/17
28:93:FE,"Cisco Systems, Inc",false,MA-L,2015/11/17
30:37:A6,"Cisco Systems, Inc",false,MA-L,2015/11/17
54:75:D0,"Cisco Systems, Inc",false,MA-L,2015/11/17
54:7F:EE,"Cisco Systems, Inc",false,MA-L,2015/11/17
68:EF:BD,"Cisco Systems, Inc",false,MA-L,2015/11/17
EC:C8:82,"Cisco Systems, Inc",false,MA-L,2015/11/17
FC:FB:FB,"Cisco Systems, Inc",false,MA-L,2015/11/17
9C:4E:20,"Cisco Systems, Inc",false,MA-L,2015/11/17
AC:A0:16,"Cisco Systems, Inc",false,MA-L,2015/11/17
1C:17:D3,"Cisco Systems, Inc",false,MA-L,2015/11/17
C8:4C:75,"Cisco Systems, Inc",false,MA-L,2015/11/17
A4:0C:C3,"Cisco Systems, Inc",false,MA-L,2015/11/17
A8:B1:D4,"Cisco Systems, Inc",false,MA-L,2015/11/17
18:EF:63,"Cisco Systems, Inc",false,MA-L,2015/11/17
D0:D0:FD,"Cisco Systems, Inc",false,MA-L,2015/11/17
D0:57:4C,"Cisco Systems, Inc",false,MA-L,2015/11/17
E8:04:62,"Cisco Systems, Inc",false,MA-L,2015/11/17
DC:7B:94,"Cisco Systems, Inc",false,MA-L,2015/11/17
F8:66:F2,"Cisco Systems, Inc",false,MA-L,2015/11/17
58:BC:27,"Cisco Systems, Inc",false,MA-L,2015/11/17
B4:A4:E3,"Cisco Systems, Inc",false,MA-L,2015/11/17
1C:DF:0F,"Cisco Systems, Inc",false,MA-L,2015/11/17
68:BD:AB,"Cisco Systems, Inc",false,MA-L,2015/11/17
00:06:F6,"Cisco Systems, Inc",false,MA-L,2015/11/17
08:17:35,"Cisco Systems, Inc",false,MA-L,2015/11/17
10:8C:CF,"Cisco Systems, Inc",false,MA-L,2015/11/17
50:3D:E5,"Cisco Systems, Inc",false,MA-L,2015/11/17
58:8D:09,"Cisco Systems, Inc",false,MA-L,2015/11/17
6C:50:4D,"Cisco Systems, Inc",false,MA-L,2015/11/17
8C:B6:4F,"Cisco Systems, Inc",false,MA-L,2015/11/17
B4:14:89,"Cisco Systems, Inc",false,MA-L,2015/11/17
C4:71:FE,"Cisco Systems, Inc",false,MA-L,2015/11/17
C8:9C:1D,"Cisco Systems, Inc",false,MA-L,2015/11/17
E0:5F:B9,"Cisco Systems, Inc",false,MA-L,2015/11/17
F0:25:72,"Cisco Systems, Inc",false,MA-L,2015/11/17
04:C5:A4,"Cisco Systems, Inc",false,MA-L,2015/11/17
1C:AA:07,"Cisco Systems, Inc",false,MA-L,2015/11/17
40:55:39,"Cisco Systems, Inc",false,MA-L,2015/11/17
40:F4:EC,"Cisco Systems, Inc",false,MA-L,2015/11/17
44:E4:D9,"Cisco Systems, Inc",false,MA-L,2015/11/17
64:00:F1,"Cisco Systems, Inc",false,MA-L,2015/11/17
B8:BE:BF,"Cisco Systems, Inc",false,MA-L,2015/11/17
C0:62:6B,"Cisco Systems, Inc",false,MA-L,2015/11/17
E8:40:40,"Cisco Systems, Inc",false,MA-L,2015/11/17
E8:B7:48,"Cisco Systems, Inc",false,MA-L,2015/11/17
00:07:7D,"Cisco Systems, Inc",false,MA-L,2015/11/17
20:37:06,"Cisco Systems, Inc",false,MA-L,2015/11/17
58:35:D9,"Cisco Systems, Inc",false,MA-L,2015/11/17
88:F0:77,"Cisco Systems, Inc",false,MA-L,2015/11/17
D0:C2:82,"Cisco Systems, Inc",false,MA-L,2015/11/17
E8:BA:70,"Cisco Systems, Inc",false,MA-L,2015/11/17
30:E4:DB,"Cisco Systems, Inc",false,MA-L,2015/11/17
B8:62:1F,"Cisco Systems, Inc",false,MA-L,2015/11/17
44:D3:CA,"Cisco Systems, Inc",false,MA-L,2015/11/17
64:AE:0C,"Cisco Systems, Inc",false,MA-L,2015/11/17
64:D9:89,"Cisco Systems, Inc",false,MA-L,2015/11/17
A0:CF:5B,"Cisco Systems, Inc",false,MA-L,2015/11/17
00:08:2F,"Cisco Systems, Inc",false,MA-L,2015/11/17
00:08:30,"Cisco Systems, Inc",false,MA-L,2015/11/17
70:81:05,"Cisco Systems, Inc",false,MA-L,2015/11/17
CC:EF:48,"Cisco Systems, Inc",false,MA-L,2015/11/17
64:A0:E7,"Cisco Systems, Inc",false,MA-L,2015/11/17
68:BC:0C,"Cisco Systems, Inc",false,MA-L,2015/11/17
2C:3F:38,"Cisco Systems, Inc",false,MA-L,2015/11/17
70:CA:9B,"Cisco Systems, Inc",false,MA-L,2015/11/17
08:D0:9F,"Cisco Systems, Inc",false,MA-L,2015/11/17
24:B6:57,"Cisco Systems, Inc",false,MA-L,2015/11/17
6C:9C:ED,"Cisco Systems, Inc",false,MA-L,2015/11/17
D4:D7:48,"Cisco Systems, Inc",false,MA-L,2015/11/17
64:9E:F3,"Cisco Systems, Inc",false,MA-L,2015/11/17
94:2B:F3,Cisco Systems,false,MA-L,2011/10/07
00:08:31,"Cisco Systems, Inc",false,MA-L,2015/11/17
28:94:0F,"Cisco Systems, Inc",false,MA-L,2015/11/17
C4:64:13,"Cisco Systems, Inc",false,MA-L,2015/11/17
0C:85:25,"Cisco Systems, Inc",false,MA-L,2015/11/17
D8:24:BD,"Cisco Systems, Inc",false,MA-L,2015/11/17
C4:0A:CB,"Cisco Systems, Inc",false,MA-L,2015/11/17
D4:A0:2A,"Cisco Systems, Inc",false,MA-L,2015/11/17
C8:F9:F9,"Cisco Systems, Inc",false,MA-L,2015/11/17
F0:F7:55,"Cisco Systems, Inc",false,MA-L,2015/11/17
00:2A:6A,"Cisco Systems, Inc",false,MA-L,2015/11/17
A4:56:30,"Cisco Systems, Inc",false,MA-L,2015/11/17
2C:36:F8,"Cisco Systems, Inc",false,MA-L,2015/11/17
44:2B:03,"Cisco Systems, Inc",false,MA-L,2015/11/17
3C:CE:73,"Cisco Systems, Inc",false,MA-L,2015/11/17
8C:60:4F,"Cisco Systems, Inc",false,MA-L,2015/11/17
00:DE:FB,"Cisco Systems, Inc",false,MA-L,2015/11/17
50:57:A8,"Cisco Systems, Inc",false,MA-L,2015/11/17
5C:50:15,"Cisco Systems, Inc",false,MA-L,2015/11/17
F4:EA:67,"Cisco Systems, Inc",false,MA-L,2015/11/17
2C:54:2D,"Cisco Systems, Inc",false,MA-L,2015/11/17
F4:7F:35,"Cisco Systems, Inc",false,MA-L,2015/11/17
58:BF:EA,"Cisco Systems, Inc",false,MA-L,2015/11/17
A4:18:75,"Cisco Systems, Inc",false,MA-L,2015/11/17
A4:4C:11,"Cisco Systems, Inc",false,MA-L,2015/11/17
A4:93:4C,"Cisco Systems, Inc",false,MA-L,2015/11/17
18:33:9D,"Cisco Systems, Inc",false,MA-L,2015/11/17
D8:67:D9,"Cisco Systems, Inc",false,MA-L,2015/11/17
0C:D9:96,"Cisco Systems, Inc",false,MA-L,2015/11/17
10:BD:18,"Cisco Systems, Inc",false,MA-L,2015/11/17
64:D8:14,"Cisco Systems, Inc",false,MA-L,2015/11/17
D4:8C:B5,"Cisco Systems, Inc",false,MA-L,2015/11/17
30:F7:0D,"Cisco Systems, Inc",false,MA-L,2015/11/17
34:BD:C8,"Cisco Systems, Inc",false,MA-L,2015/11/17
60:73:5C,"Cisco Systems, Inc",false,MA-L,2015/11/17
88:75:56,"Cisco Systems, Inc",false,MA-L,2015/11/17
20:3A:07,"Cisco Systems, Inc",false,MA-L,2015/11/17
FC:99:47,"Cisco Systems, Inc",false,MA-L,2015/11/17
1C:E6:C7,"Cisco Systems, Inc",false,MA-L,2015/11/17
34:A8:4E,"Cisco Systems, Inc",false,MA-L,2015/11/17
54:78:1A,"Cisco Systems, Inc",false,MA-L,2015/11/17
58:97:1E,"Cisco Systems, Inc",false,MA-L,2015/11/17
6C:20:56,"Cisco Systems, Inc",false,MA-L,2015/11/17
AC:F2:C5,"Cisco Systems, Inc",false,MA-L,2015/11/17
E0:2F:6D,"Cisco Systems, Inc",false,MA-L,2015/11/17
E4:D3:F1,"Cisco Systems, Inc",false,MA-L,2015/11/17
00:08:32,"Cisco Systems, Inc",false,MA-L,2015/11/17
04:DA:D2,"Cisco Systems, Inc",false,MA-L,2015/11/17
20:BB:C0,"Cisco Systems, Inc",false,MA-L,2015/11/17
24:01:C7,"Cisco Systems, Inc",false,MA-L,2015/11/17
44:03:A7,"Cisco Systems, Inc",false,MA-L,2015/11/17
4C:4E:35,"Cisco Systems, Inc",false,MA-L,2015/11/17
50:06:04,"Cisco Systems, Inc",false,MA-L,2015/11/17
68:86:A7,"Cisco Systems, Inc",false,MA-L,2015/11/17
70:10:5C,"Cisco Systems, Inc",false,MA-L,2015/11/17
84:78:AC,"Cisco Systems, Inc",false,MA-L,2015/11/17
B0:FA:EB,"Cisco Systems, Inc",false,MA-L,2015/11/17
B4:E9:B0,"Cisco Systems, Inc",false,MA-L,2015/11/17
CC:D5:39,"Cisco Systems, Inc",false,MA-L,2015/11/17
F0:29:29,"Cisco Systems, Inc",false,MA-L,2015/11/17
08:CC:68,"Cisco Systems, Inc",false,MA-L,2015/11/17
10:F3:11,"Cisco Systems, Inc",false,MA-L,2015/11/17
44:AD:D9,"Cisco Systems, Inc",false,MA-L,2015/11/17
7C:AD:74,"Cisco Systems, Inc",false,MA-L,2015/11/17
BC:16:65,"Cisco Systems, Inc",false,MA-L,2015/11/17
F4:1F:C2,"Cisco Systems, Inc",false,MA-L,2015/11/17
0C:27:24,"Cisco Systems, Inc",false,MA-L,2015/11/17
6C:41:6A,"Cisco Systems, Inc",false,MA-L,2015/11/17
0C:68:03,"Cisco Systems, Inc",false,MA-L,2015/11/17
4C:00:82,"Cisco Systems, Inc",false,MA-L,2015/11/17
D0:C7:89,"Cisco Systems, Inc",false,MA-L,2015/11/17
F8:72:EA,"Cisco Systems, Inc",false,MA-L,2015/11/17
7C:69:F6,"Cisco Systems, Inc",false,MA-L,2015/11/17
7C:95:F3,"Cisco Systems, Inc",false,MA-L,2015/11/17
C0:8C:60,"Cisco Systems, Inc",false,MA-L,2015/11/17
DC:A5:F4,"Cisco Systems, Inc",false,MA-L,2015/11/17
EC:E1:A9,"Cisco Systems, Inc",false,MA-L,2015/11/17
F8:4F:57,"Cisco Systems, Inc",false,MA-L,2015/11/17
50:17:FF,"Cisco Systems, Inc",false,MA-L,2015/11/17
C0:67:AF,"Cisco Systems, Inc",false,MA-L,2015/11/17
C0:25:5C,"Cisco Systems, Inc",false,MA-L,2015/11/17
E8:ED:F3,"Cisco Systems, Inc",false,MA-L,2015/11/17
34:DB:FD,"Cisco Systems, Inc",false,MA-L,2015/11/17
64:E9:50,"Cisco Systems, Inc",false,MA-L,2015/11/17
78:DA:6E,"Cisco Systems, Inc",false,MA-L,2015/11/17
88:5A:92,"Cisco Systems, Inc",false,MA-L,2015/11/17
E4:C7:22,"Cisco Systems, Inc",false,MA-L,2015/11/17
18:9C:5D,"Cisco Systems, Inc",false,MA-L,2015/11/17
C0:7B:BC,"Cisco Systems, Inc",false,MA-L,2015/11/17
1C:1D:86,"Cisco Systems, Inc",false,MA-L,2015/11/17
24:E9:B3,"Cisco Systems, Inc",false,MA-L,2015/11/17
3C:08:F6,"Cisco Systems, Inc",false,MA-L,2015/11/17
3C:0E:23,"Cisco Systems, Inc",false,MA-L,2015/11/17
5C:A4:8A,"Cisco Systems, Inc",false,MA-L,2015/11/17
A8:0C:0D,"Cisco Systems, Inc",false,MA-L,2015/11/17
C4:14:3C,"Cisco Systems, Inc",false,MA-L,2015/11/17
F4:CF:E2,"Cisco Systems, Inc",false,MA-L,2015/11/17
6C:99:89,"Cisco Systems, Inc",false,MA-L,2015/11/17
B8:38:61,"Cisco Systems, Inc",false,MA-L,2015/11/17
18:E7:28,"Cisco Systems, Inc",false,MA-L,2015/11/17
2C:3E:CF,"Cisco Systems, Inc",false,MA-L,2015/11/17
50:1C:BF,"Cisco Systems, Inc",false,MA-L,2015/11/17
58:0A:20,"Cisco Systems, Inc",false,MA-L,2015/11/17
74:26:AC,"Cisco Systems, Inc",false,MA-L,2015/11/17
B0:00:B4,"Cisco Systems, Inc",false,MA-L,2015/11/17
28:34:A2,"Cisco Systems, Inc",false,MA-L,2015/11/17
54:4A:00,"Cisco Systems, Inc",false,MA-L,2015/11/17
64:12:25,"Cisco Systems, Inc",false,MA-L,2015/11/17
D0:72:DC,"Cisco Systems, Inc",false,MA-L,2015/11/17
00:E1:6D,"Cisco Systems, Inc",false,MA-L,2015/11/17
10:05:CA,"Cisco Systems, Inc",false,MA-L,2015/11/17
28:C7:CE,"Cisco Systems, Inc",false,MA-L,2015/11/17
88:F0:31,"Cisco Systems, Inc",false,MA-L,2015/11/17
50:87:89,"Cisco Systems, Inc",false,MA-L,2015/11/17
6C:FA:89,"Cisco Systems, Inc",false,MA-L,2015/11/17
1C:6A:7A,"Cisco Systems, Inc",false,MA-L,2015/11/17
38:1C:1A,"Cisco Systems, Inc",false,MA-L,2015/11/17
BC:67:1C,"Cisco Systems, Inc",false,MA-L,2015/11/17
F4:0F:1B,"Cisco Systems, Inc",false,MA-L,2015/11/17
F8:C2:88,"Cisco Systems, Inc",false,MA-L,2015/11/17
1C:DE:A7,"Cisco Systems, Inc",false,MA-L,2015/11/17
34:62:88,"Cisco Systems, Inc",false,MA-L,2015/11/17
50:67:AE,"Cisco Systems, Inc",false,MA-L,2015/11/17
58:F3:9C,"Cisco Systems, Inc",false,MA-L,2015/11/17
7C:0E:CE,"Cisco Systems, Inc",false,MA-L,2015/11/17
CC:D8:C1,"Cisco Systems, Inc",false,MA-L,2015/11/17
DC:39:79,"Cisco Systems, Inc",false,MA-L,2018/06/02
E0:AC:F1,"Cisco Systems, Inc",false,MA-L,2015/11/17
68:99:CD,"Cisco Systems, Inc",false,MA-L,2015/11/17
BC:16:F5,"Cisco Systems, Inc",false,MA-L,2015/11/17
F0:7F:06,"Cisco Systems, Inc",false,MA-L,2015/11/17
F0:9E:63,"Cisco Systems, Inc",false,MA-L,2015/11/17
F4:4E:05,"Cisco Systems, Inc",false,MA-L,2015/11/17
FC:5B:39,"Cisco Systems, Inc",false,MA-L,2015/11/17
34:6F:90,"Cisco Systems, Inc",false,MA-L,2015/11/17
88:1D:FC,"Cisco Systems, Inc",false,MA-L,2015/11/17
0C:F5:A4,"Cisco Systems, Inc",false,MA-L,2015/11/17
84:80:2D,"Cisco Systems, Inc",false,MA-L,2015/11/17
E0:D1:73,"Cisco Systems, Inc",false,MA-L,2015/11/17
5C:FC:66,"Cisco Systems, Inc",false,MA-L,2015/11/17
A0:EC:F9,"Cisco Systems, Inc",false,MA-L,2015/11/17
E0:89:9D,"Cisco Systems, Inc",false,MA-L,2015/11/17
74:A0:2F,"Cisco Systems, Inc",false,MA-L,2015/11/17
D4:6D:50,"Cisco Systems, Inc",false,MA-L,2015/11/17
1C:E8:5D,"Cisco Systems, Inc",false,MA-L,2015/11/17
54:7C:69,"Cisco Systems, Inc",false,MA-L,2015/11/17
CC:46:D6,"Cisco Systems, Inc",false,MA-L,2015/11/17
58:AC:78,"Cisco Systems, Inc",false,MA-L,2015/11/17
C4:72:95,"Cisco Systems, Inc",false,MA-L,2015/11/17
A0:55:4F,"Cisco Systems, Inc",false,MA-L,2015/11/17
84:B8:02,"Cisco Systems, Inc",false,MA-L,2015/11/17
BC:C4:93,"Cisco Systems, Inc",false,MA-L,2015/11/17
54:A2:74,"Cisco Systems, Inc",false,MA-L,2015/11/17
58:97:BD,"Cisco Systems, Inc",false,MA-L,2015/11/17
04:6C:9D,"Cisco Systems, Inc",false,MA-L,2015/11/17
D0:A5:A6,"Cisco Systems, Inc",false,MA-L,2015/11/17
3C:5E:C3,"Cisco Systems, Inc",false,MA-L,2015/11/17
64:F6:9D,"Cisco Systems, Inc",false,MA-L,2015/11/17
74:A2:E6,"Cisco Systems, Inc",false,MA-L,2015/11/17
20:4C:9E,"Cisco Systems, Inc",false,MA-L,2015/11/17
E8:65:49,"Cisco Systems, Inc",false,MA-L,2015/11/17
84:B5:17,"Cisco Systems, Inc",false,MA-L,2015/11/17
04:62:73,"Cisco Systems, Inc",false,MA-L,2015/11/17
9C:57:AD,"Cisco Systems, Inc",false,MA-L,2015/11/17
00:F2:8B,"Cisco Systems, Inc",false,MA-L,2015/11/17
00:FE:C8,"Cisco Systems, Inc",false,MA-L,2015/11/17
00:41:D2,"Cisco Systems, Inc",false,MA-L,2015/11/17
80:E0:1D,"Cisco Systems, Inc",false,MA-L,2015/11/17
80:E8:6F,"Cisco Systems, Inc",false,MA-L,2015/11/17
E4:AA:5D,"Cisco Systems, Inc",false,MA-L,2015/11/17
B0:AA:77,"Cisco Systems, Inc",false,MA-L,2015/11/17
78:BA:F9,"Cisco Systems, Inc",false,MA-L,2015/11/17
0C:75:BD,"Cisco Systems, Inc",false,MA-L,2015/11/17
0C:11:67,"Cisco Systems, Inc",false,MA-L,2015/11/17
F0:78:16,"Cisco Systems, Inc",false,MA-L,2015/11/17
B0:7D:47,"Cisco Systems, Inc",false,MA-L,2015/11/17
D8:B1:90,"Cisco Systems, Inc",false,MA-L,2015/11/17
F0:B2:E5,"Cisco Systems, Inc",false,MA-L,2015/11/17
18:8B:9D,"Cisco Systems, Inc",false,MA-L,2015/11/17
38:ED:18,"Cisco Systems, Inc",false,MA-L,2015/11/17
EC:BD:1D,"Cisco Systems, Inc",false,MA-L,2015/11/17
DC:CE:C1,"Cisco Systems, Inc",false,MA-L,2015/11/17
84:B2:61,"Cisco Systems, Inc",false,MA-L,2015/11/17
70:E4:22,"Cisco Systems, Inc",false,MA-L,2015/11/17
68:9C:E2,"Cisco Systems, Inc",false,MA-L,2015/11/17
40:A6:E8,"Cisco Systems, Inc",false,MA-L,2015/11/17
00:DA:55,"Cisco Systems, Inc",false,MA-L,2015/11/17
00:57:D2,"Cisco Systems, Inc",false,MA-L,2015/11/17
18:8B:45,"Cisco Systems, Inc",false,MA-L,2015/11/17
DC:EB:94,"Cisco Systems, Inc",false,MA-L,2015/11/17
5C:83:8F,"Cisco Systems, Inc",false,MA-L,2015/11/17
AC:7E:8A,"Cisco Systems, Inc",false,MA-L,2015/11/17
38:20:56,"Cisco Systems, Inc",false,MA-L,2015/11/17
50:06:AB,"Cisco Systems, Inc",false,MA-L,2015/11/17
A8:9D:21,"Cisco Systems, Inc",false,MA-L,2015/11/17
BC:F1:F2,"Cisco Systems, Inc",false,MA-L,2015/11/17
C8:00:84,"Cisco Systems, Inc",false,MA-L,2015/11/17
A0:F8:49,"Cisco Systems, Inc",false,MA-L,2015/11/17
88:90:8D,"Cisco Systems, Inc",false,MA-L,2015/11/17
A4:6C:2A,"Cisco Systems, Inc",false,MA-L,2015/11/17
00:35:1A,"Cisco Systems, Inc",false,MA-L,2015/12/03
00:AF:1F,"Cisco Systems, Inc",false,MA-L,2015/12/03
00:CC:FC,"Cisco Systems, Inc",false,MA-L,2015/12/11
00:C8:8B,"Cisco Systems, Inc",false,MA-L,2015/12/11
00:8E:73,"Cisco Systems, Inc",false,MA-L,2016/01/02
00:C1:64,"Cisco Systems, Inc",false,MA-L,2016/01/02
00:78:88,"Cisco Systems, Inc",false,MA-L,2016/01/02
00:8A:96,"Cisco Systems, Inc",false,MA-L,2016/01/02
00:42:68,"Cisco Systems, Inc",false,MA-L,2016/01/25
00:CA:E5,"Cisco Systems, Inc",false,MA-L,2016/01/25
00:3A:7D,"Cisco Systems, Inc",false,MA-L,2016/01/31
04:2A:E2,"Cisco Systems, Inc",false,MA-L,2016/01/31
00:6C:BC,"Cisco Systems, Inc",false,MA-L,2016/03/01
E0:0E:DA,"Cisco Systems, Inc",false,MA-L,2016/03/01
00:62:EC,"Cisco Systems, Inc",false,MA-L,2016/03/01
CC:16:7E,"Cisco Systems, Inc",false,MA-L,2016/03/01
00:5F:86,"Cisco Systems, Inc",false,MA-L,2016/03/16
00:9E:1E,"Cisco Systems, Inc",false,MA-L,2016/03/16
00:F6:63,"Cisco Systems, Inc",false,MA-L,2016/04/01
00:EB:D5,"Cisco Systems, Inc",false,MA-L,2016/04/01
94:D4:69,"Cisco Systems, Inc",false,MA-L,2016/04/27
00:A7:42,"Cisco Systems, Inc",false,MA-L,2016/04/27
00:56:2B,"Cisco Systems, Inc",false,MA-L,2016/05/14
00:81:C4,"Cisco Systems, Inc",false,MA-L,2016/05/14
00:2A:10,"Cisco Systems, Inc",false,MA-L,2016/05/23
00:A2:89,"Cisco Systems, Inc",false,MA-L,2016/05/23
D4:2C:44,"Cisco Systems, Inc",false,MA-L,2016/06/11
84:3D:C6,"Cisco Systems, Inc",false,MA-L,2016/06/11
00:87:31,"Cisco Systems, Inc",false,MA-L,2016/06/27
00:A6:CA,"Cisco Systems, Inc",false,MA-L,2016/06/27
00:B0:E1,"Cisco Systems, Inc",false,MA-L,2016/07/14
00:D7:8F,"Cisco Systems, Inc",false,MA-L,2016/07/14
00:A2:EE,"Cisco Systems, Inc",false,MA-L,2016/08/08
00:59:DC,"Cisco Systems, Inc",false,MA-L,2016/08/08
00:38:DF,"Cisco Systems, Inc",false,MA-L,2016/08/08
00:6B:F1,"Cisco Systems, Inc",false,MA-L,2016/08/08
00:76:86,"Cisco Systems, Inc",false,MA-L,2016/08/26
00:42:5A,"Cisco Systems, Inc",false,MA-L,2016/08/26
A0:3D:6F,"Cisco Systems, Inc",false,MA-L,2016/09/03
A0:E0:AF,"Cisco Systems, Inc",false,MA-L,2016/09/03
2C:D0:2D,"Cisco Systems, Inc",false,MA-L,2016/09/22
2C:0B:E9,"Cisco Systems, Inc",false,MA-L,2016/09/22
28:52:61,"Cisco Systems, Inc",false,MA-L,2016/10/12
28:6F:7F,"Cisco Systems, Inc",false,MA-L,2016/10/12
08:CC:A7,"Cisco Systems, Inc",false,MA-L,2016/10/30
F8:A5:C5,"Cisco Systems, Inc",false,MA-L,2016/10/30
08:96:AD,"Cisco Systems, Inc",false,MA-L,2016/10/30
2C:33:11,"Cisco Systems, Inc",false,MA-L,2016/11/20
2C:86:D2,"Cisco Systems, Inc",false,MA-L,2016/11/20
00:2C:C8,"Cisco Systems, Inc",false,MA-L,2016/11/26
C4:B9:CD,"Cisco Systems, Inc",false,MA-L,2016/11/29
2C:AB:EB,"Cisco Systems, Inc",false,MA-L,2017/01/07
2C:5A:0F,"Cisco Systems, Inc",false,MA-L,2017/01/07
70:D3:79,"Cisco Systems, Inc",false,MA-L,2017/01/07
2C:31:24,"Cisco Systems, Inc",false,MA-L,2017/01/07
F8:0B:CB,"Cisco Systems, Inc",false,MA-L,2017/01/07
70:DB:98,"Cisco Systems, Inc",false,MA-L,2017/01/07
00:F8:2C,"Cisco Systems, Inc",false,MA-L,2017/02/21
00:C1:B1,"Cisco Systems, Inc",false,MA-L,2017/02/21
00:A3:8E,"Cisco Systems, Inc",false,MA-L,2017/02/21
00:9A:D2,"Cisco Systems, Inc",false,MA-L,2017/02/21
70:DF:2F,"Cisco Systems, Inc",false,MA-L,2017/03/29
00:A3:D1,"Cisco Systems, Inc",false,MA-L,2017/03/29
A0:23:9F,"Cisco Systems, Inc",false,MA-L,2017/03/29
00:27:E3,"Cisco Systems, Inc",false,MA-L,2017/03/29
70:6E:6D,"Cisco Systems, Inc",false,MA-L,2017/03/29
70:F3:5A,"Cisco Systems, Inc",false,MA-L,2017/03/29
18:80:90,"Cisco Systems, Inc",false,MA-L,2017/04/18
C4:44:A0,"Cisco Systems, Inc",false,MA-L,2017/04/18
78:02:B1,"Cisco Systems, Inc",false,MA-L,2017/04/22
78:BC:1A,"Cisco Systems, Inc",false,MA-L,2017/04/22
40:01:7A,"Cisco Systems, Inc",false,MA-L,2017/05/24
CC:5A:53,"Cisco Systems, Inc",false,MA-L,2017/05/24
40:CE:24,"Cisco Systems, Inc",false,MA-L,2017/05/24
CC:98:91,"Cisco Systems, Inc",false,MA-L,2017/05/24
38:90:A5,"Cisco Systems, Inc",false,MA-L,2017/06/11
70:6B:B9,"Cisco Systems, Inc",false,MA-L,2017/06/11
50:0F:80,"Cisco Systems, Inc",false,MA-L,2017/07/01
50:F7:22,"Cisco Systems, Inc",false,MA-L,2017/07/01
74:86:0B,"Cisco Systems, Inc",false,MA-L,2017/07/01
70:7D:B9,"Cisco Systems, Inc",false,MA-L,2017/07/23
70:1F:53,"Cisco Systems, Inc",false,MA-L,2017/07/23
70:70:8B,"Cisco Systems, Inc",false,MA-L,2017/07/23
F8:7B:20,"Cisco Systems, Inc",false,MA-L,2017/08/04
F8:B7:E2,"Cisco Systems, Inc",false,MA-L,2017/08/04
EC:1D:8B,"Cisco Systems, Inc",false,MA-L,2017/08/20
38:0E:4D,"Cisco Systems, Inc",false,MA-L,2017/08/20
6C:B2:AE,"Cisco Systems, Inc",false,MA-L,2017/09/06
6C:DD:30,"Cisco Systems, Inc",false,MA-L,2017/09/06
00:27:90,"Cisco Systems, Inc",false,MA-L,2017/09/22
00:5D:73,"Cisco Systems, Inc",false,MA-L,2017/09/22
B4:DE:31,"Cisco Systems, Inc",false,MA-L,2017/10/11
B4:A8:B9,"Cisco Systems, Inc",false,MA-L,2017/10/11
24:7E:12,"Cisco Systems, Inc",false,MA-L,2017/10/31
50:1C:B0,"Cisco Systems, Inc",false,MA-L,2017/10/31
4C:77:6D,"Cisco Systems, Inc",false,MA-L,2017/11/12
CC:8E:71,"Cisco Systems, Inc",false,MA-L,2017/11/12
70:69:5A,"Cisco Systems, Inc",false,MA-L,2017/12/11
00:BE:75,"Cisco Systems, Inc",false,MA-L,2017/12/11
00:BF:77,"Cisco Systems, Inc",false,MA-L,2017/12/11
B0:26:80,"Cisco Systems, Inc",false,MA-L,2017/12/11
00:3C:10,"Cisco Systems, Inc",false,MA-L,2017/12/11
00:72:78,"Cisco Systems, Inc",false,MA-L,2017/12/28
28:AC:9E,"Cisco Systems, Inc",false,MA-L,2017/12/28
70:79:B3,"Cisco Systems, Inc",false,MA-L,2018/01/28
70:01:B5,"Cisco Systems, Inc",false,MA-L,2018/01/28
68:2C:7B,"Cisco Systems, Inc",false,MA-L,2018/01/28
68:CA:E4,"Cisco Systems, Inc",false,MA-L,2018/01/28
78:72:5D,"Cisco Systems, Inc",false,MA-L,2018/02/11
00:FC:BA,"Cisco Systems, Inc",false,MA-L,2018/02/11
50:61:BF,"Cisco Systems, Inc",false,MA-L,2018/03/02
70:0F:6A,"Cisco Systems, Inc",false,MA-L,2018/03/02
00:7E:95,"Cisco Systems, Inc",false,MA-L,2018/03/08
00:BC:60,"Cisco Systems, Inc",false,MA-L,2018/03/08
84:8A:8D,"Cisco Systems, Inc",false,MA-L,2018/04/05
78:0C:F0,"Cisco Systems, Inc",false,MA-L,2018/04/05
A0:93:51,"Cisco Systems, Inc",false,MA-L,2018/04/05
00:45:1D,"Cisco Systems, Inc",false,MA-L,2018/04/10
00:B6:70,"Cisco Systems, Inc",false,MA-L,2018/04/22
50:2F:A8,"Cisco Systems, Inc",false,MA-L,2018/04/22
6C:6C:D3,"Cisco Systems, Inc",false,MA-L,2018/06/02
DC:F7:19,"Cisco Systems, Inc",false,MA-L,2018/06/02
B0:8B:CF,"Cisco Systems, Inc",false,MA-L,2018/06/02
B0:90:7E,"Cisco Systems, Inc",false,MA-L,2018/06/02
00:AA:6E,"Cisco Systems, Inc",false,MA-L,2018/06/02
00:A5:BF,"Cisco Systems, Inc",false,MA-L,2018/06/02
04:EB:40,"Cisco Systems, Inc",false,MA-L,2018/06/14
00:EA:BD,"Cisco Systems, Inc",false,MA-L,2018/06/14
BC:26:C7,"Cisco Systems, Inc",false,MA-L,2018/06/29
00:D6:FE,"Cisco Systems, Inc",false,MA-L,2018/06/29
F4:DB:E6,"Cisco Systems, Inc",false,MA-L,2018/07/22
00:B7:71,"Cisco Systems, Inc",false,MA-L,2018/07/22
00:B1:E3,"Cisco Systems, Inc",false,MA-L,2018/07/22
70:6D:15,"Cisco Systems, Inc",false,MA-L,2018/07/28
00:B8:B3,"Cisco Systems, Inc",false,MA-L,2018/07/28
0C:D0:F8,"Cisco Systems, Inc",false,MA-L,2018/08/11
70:0B:4F,"Cisco Systems, Inc",false,MA-L,2018/08/11
A8:B4:56,"Cisco Systems, Inc",false,MA-L,2018/09/09
70:B3:17,"Cisco Systems, Inc",false,MA-L,2018/09/09
70:35:09,"Cisco Systems, Inc",false,MA-L,2018/09/09
F8:0F:6F,"Cisco Systems, Inc",false,MA-L,2018/09/09
34:F8:E7,"Cisco Systems, Inc",false,MA-L,2018/09/09
CC:70:ED,"Cisco Systems, Inc",false,MA-L,2018/10/13
D4:C9:3C,"Cisco Systems, Inc",false,MA-L,2018/10/13
00:32:17,"Cisco Systems, Inc",false,MA-L,2018/10/13
70:18:A7,"Cisco Systems, Inc",false,MA-L,2018/10/13
D4:AD:71,"Cisco Systems, Inc",false,MA-L,2018/10/13
70:EA:1A,"Cisco Systems, Inc",false,MA-L,2018/10/20
70:C9:C6,"Cisco Systems, Inc",false,MA-L,2018/10/20
08:EC:F5,"Cisco Systems, Inc",false,MA-L,2018/11/16
00:EE:AB,"Cisco Systems, Inc",false,MA-L,2018/11/16
00:29:C2,"Cisco Systems, Inc",false,MA-L,2018/11/16
00:2F:5C,"Cisco Systems, Inc",false,MA-L,2018/11/16
2C:73:A0,"Cisco Systems, Inc",false,MA-L,2018/11/24
2C:01:B5,"Cisco Systems, Inc",false,MA-L,2018/11/24
D4:E8:80,"Cisco Systems, Inc",false,MA-L,2018/12/01
D0:EC:35,"Cisco Systems, Inc",false,MA-L,2018/12/01
74:88:BB,"Cisco Systems, Inc",false,MA-L,2018/12/08
00:FD:22,"Cisco Systems, Inc",false,MA-L,2018/12/16
00:87:64,"Cisco Systems, Inc",false,MA-L,2018/12/20
00:77:8D,"Cisco Systems, Inc",false,MA-L,2018/12/20
6C:8B:D3,"Cisco Systems, Inc",false,MA-L,2019/01/09
C4:B3:6A,"Cisco Systems, Inc",false,MA-L,2019/01/09
54:86:BC,"Cisco Systems, Inc",false,MA-L,2019/01/23
D4:78:9B,"Cisco Systems, Inc",false,MA-L,2019/01/23
4C:BC:48,"Cisco Systems, Inc",false,MA-L,2019/01/29
D4:6A:35,"Cisco Systems, Inc",false,MA-L,2019/01/29
DC:8C:37,"Cisco Systems, Inc",false,MA-L,2019/02/13
AC:F5:E6,"Cisco Systems, Inc",false,MA-L,2019/02/20
6C:AB:05,"Cisco Systems, Inc",false,MA-L,2019/02/25
C4:F7:D5,"Cisco Systems, Inc",false,MA-L,2019/03/01
14:A2:A0,"Cisco Systems, Inc",false,MA-L,2019/03/18
CC:90:70,"Cisco Systems, Inc",false,MA-L,2019/03/20
C4:C6:03,"Cisco Systems, Inc",false,MA-L,2019/03/26
2C:4F:52,"Cisco Systems, Inc",false,MA-L,2019/03/26
6C:5E:3B,"Cisco Systems, Inc",false,MA-L,2019/04/03
5C:5A:C7,"Cisco Systems, Inc",false,MA-L,2019/04/03
C0:64:E4,"Cisco Systems, Inc",false,MA-L,2019/04/17
A4:53:0E,"Cisco Systems, Inc",false,MA-L,2019/04/19
68:3B:78,"Cisco Systems, Inc",false,MA-L,2019/04/24
D4:AD:BD,"Cisco Systems, Inc",false,MA-L,2019/04/30
30:8B:B2,"Cisco Systems, Inc",false,MA-L,2019/05/08
08:4F:A9,"Cisco Systems, Inc",false,MA-L,2019/05/20
08:4F:F9,"Cisco Systems, Inc",false,MA-L,2019/05/20
FC:58:9A,"Cisco Systems, Inc",false,MA-L,2019/05/30
2C:F8:9B,"Cisco Systems, Inc",false,MA-L,2019/05/30
10:B3:D5,"Cisco Systems, Inc",false,MA-L,2019/06/22
F4:BD:9E,"Cisco Systems, Inc",false,MA-L,2019/07/02
10:B3:C6,"Cisco Systems, Inc",false,MA-L,2019/07/09
10:B3:D6,"Cisco Systems, Inc",false,MA-L,2019/07/09
34:ED:1B,"Cisco Systems, Inc",false,MA-L,2019/07/20
B4:02:16,"Cisco Systems, Inc",false,MA-L,2019/07/23
4C:71:0C,"Cisco Systems, Inc",false,MA-L,2019/08/03
4C:71:0D,"Cisco Systems, Inc",false,MA-L,2019/08/03
5C:71:0D,"Cisco Systems, Inc",false,MA-L,2019/08/10
6C:71:0D,"Cisco Systems, Inc",false,MA-L,2019/08/10
7C:21:0D,"Cisco Systems, Inc",false,MA-L,2019/08/22
7C:21:0E,"Cisco Systems, Inc",false,MA-L,2019/08/23
7C:31:0E,"Cisco Systems, Inc",false,MA-L,2019/09/05
6C:31:0E,"Cisco Systems, Inc",false,MA-L,2019/09/06
6C:41:0E,"Cisco Systems, Inc",false,MA-L,2019/09/12
3C:41:0E,"Cisco Systems, Inc",false,MA-L,2019/09/21
3C:51:0E,"Cisco Systems, Inc",false,MA-L,2019/09/21
A0:B4:39,"Cisco Systems, Inc",false,MA-L,2019/10/02
A4:B4:39,"Cisco Systems, Inc",false,MA-L,2019/10/02
A4:B2:39,"Cisco Systems, Inc",false,MA-L,2019/10/09
C4:B2:39,"Cisco Systems, Inc",false,MA-L,2019/10/10
4C:E1:76,"Cisco Systems, Inc",false,MA-L,2019/10/22
4C:E1:75,"Cisco Systems, Inc",false,MA-L,2019/10/22
5C:E1:76,"Cisco Systems, Inc",false,MA-L,2019/11/05
9C:E1:76,"Cisco Systems, Inc",false,MA-L,2019/11/06
0A:CD:8F,Cisco Systems Norway,false,CID,2019/11/12
3C:57:31,"Cisco Systems, Inc",false,MA-L,2019/11/14
2C:57:41,"Cisco Systems, Inc",false,MA-L,2019/11/22
14:16:9D,"Cisco Systems, Inc",false,MA-L,2019/12/04
24:16:9D,"Cisco Systems, Inc",false,MA-L,2019/12/06
4C:A6:4D,"Cisco Systems, Inc",false,MA-L,2019/12/20
CC:7F:75,"Cisco Systems, Inc",false,MA-L,2019/12/20
5C:A6:2D,"Cisco Systems, Inc",false,MA-L,2019/12/31
CC:7F:76,"Cisco Systems, Inc",false,MA-L,2020/01/01
AC:3A:67,"Cisco Systems, Inc",false,MA-L,2020/01/09
AC:4A:67,"Cisco Systems, Inc",false,MA-L,2020/01/22
AC:4A:56,"Cisco Systems, Inc",false,MA-L,2020/01/24
BC:4A:56,"Cisco Systems, Inc",false,MA-L,2020/01/28
BC:5A:56,"Cisco Systems, Inc",false,MA-L,2020/02/07
AC:7A:56,"Cisco Systems, Inc",false,MA-L,2020/02/11
04:5F:B9,"Cisco Systems, Inc",false,MA-L,2020/02/20
70:61:7B,"Cisco Systems, Inc",false,MA-L,2020/02/20
70:F0:96,"Cisco Systems, Inc",false,MA-L,2020/02/20
54:8A:BA,"Cisco Systems, Inc",false,MA-L,2020/02/20
A4:88:73,"Cisco Systems, Inc",false,MA-L,2020/03/18
F8:6B:D9,"Cisco Systems, Inc",false,MA-L,2020/03/18
C0:14:FE,"Cisco Systems, Inc",false,MA-L,2020/03/18
7C:AD:4F,"Cisco Systems, Inc",false,MA-L,2020/03/18
80:2D:BF,"Cisco Systems, Inc",false,MA-L,2020/04/04
10:F9:20,"Cisco Systems, Inc",false,MA-L,2020/04/04
90:77:EE,"Cisco Systems, Inc",false,MA-L,2020/04/04
3C:13:CC,"Cisco Systems, Inc",false,MA-L,2020/04/04
94:AE:F0,"Cisco Systems, Inc",false,MA-L,2020/05/05
E4:1F:7B,"Cisco Systems, Inc",false,MA-L,2020/05/05
CC:DB:93,"Cisco Systems, Inc",false,MA-L,2020/05/05
64:3A:EA,"Cisco Systems, Inc",false,MA-L,2020/05/05
8C:94:1F,"Cisco Systems, Inc",false,MA-L,2020/06/02
68:7D:B4,"Cisco Systems, Inc",false,MA-L,2020/06/02
C8:84:A1,"Cisco Systems, Inc",false,MA-L,2020/06/02
54:88:DE,"Cisco Systems, Inc",false,MA-L,2020/06/02
DC:77:4C,"Cisco Systems, Inc",false,MA-L,2020/07/09
04:76:B0,"Cisco Systems, Inc",false,MA-L,2020/07/09
40:F0:78,"Cisco Systems, Inc",false,MA-L,2020/07/09
68:9E:0B,"Cisco Systems, Inc",false,MA-L,2020/07/09
40:B5:C1,"Cisco Systems, Inc",false,MA-L,2020/08/12
54:9F:C6,"Cisco Systems, Inc",false,MA-L,2020/08/12
F0:1D:2D,"Cisco Systems, Inc",false,MA-L,2020/08/12
B0:A6:51,"Cisco Systems, Inc",false,MA-L,2020/08/12
B0:C5:3C,"Cisco Systems, Inc",false,MA-L,2020/09/11
EC:CE:13,"Cisco Systems, Inc",false,MA-L,2020/09/11
E8:EB:34,"Cisco Systems, Inc",false,MA-L,2020/09/11
48:8B:0A,"Cisco Systems, Inc",false,MA-L,2020/09/11
F8:7A:41,"Cisco Systems, Inc",false,MA-L,2020/10/07
84:F1:47,"Cisco Systems, Inc",false,MA-L,2020/10/07
F8:A7:3A,"Cisco Systems, Inc",false,MA-L,2020/10/07
B8:11:4B,"Cisco Systems, Inc",false,MA-L,2020/10/07
A0:3D:6E,"Cisco Systems, Inc",false,MA-L,2020/10/23
B0:8B:D0,"Cisco Systems, Inc",false,MA-L,2020/10/23
44:AE:25,"Cisco Systems, Inc",false,MA-L,2020/10/23
BC:E7:12,"Cisco Systems, Inc",false,MA-L,2020/10/23
6C:03:09,"Cisco Systems, Inc",false,MA-L,2020/11/12
BC:D2:95,"Cisco Systems, Inc",false,MA-L,2020/11/12
44:B6:BE,"Cisco Systems, Inc",false,MA-L,2020/11/12
6C:13:D5,"Cisco Systems, Inc",false,MA-L,2020/11/12
1C:D1:E0,"Cisco Systems, Inc",false,MA-L,2020/12/23
7C:F8:80,"Cisco Systems, Inc",false,MA-L,2020/12/23
4C:5D:3C,"Cisco Systems, Inc",false,MA-L,2020/12/23
34:73:2D,"Cisco Systems, Inc",false,MA-L,2020/12/23
F0:4A:02,"Cisco Systems, Inc",false,MA-L,2021/01/19
28:AF:FD,"Cisco Systems, Inc",false,MA-L,2021/01/19
74:AD:98,"Cisco Systems, Inc",false,MA-L,2021/01/19
D4:77:98,"Cisco Systems, Inc",false,MA-L,2021/01/19
B8:A3:77,"Cisco Systems, Inc",false,MA-L,2021/02/09
E4:4E:2D,"Cisco Systems, Inc",false,MA-L,2021/02/09
D0:E0:42,"Cisco Systems, Inc",false,MA-L,2021/02/09
A4:9B:CD,"Cisco Systems, Inc",false,MA-L,2021/02/09
84:EB:EF,"Cisco Systems, Inc",false,MA-L,2021/03/11
E8:5C:0A,"Cisco Systems, Inc",false,MA-L,2021/03/11
20:CF:AE,"Cisco Systems, Inc",false,MA-L,2021/03/11
A4:78:06,"Cisco Systems, Inc",false,MA-L,2021/03/11
C4:4D:84,"Cisco Systems, Inc",false,MA-L,2021/04/15
D4:EB:68,"Cisco Systems, Inc",false,MA-L,2021/04/15
10:06:ED,"Cisco Systems, Inc",false,MA-L,2021/04/15
EC:F4:0C,"Cisco Systems, Inc",false,MA-L,2021/04/15
68:87:C6,"Cisco Systems, Inc",false,MA-L,2021/05/21
80:24:8F,"Cisco Systems, Inc",false,MA-L,2021/05/21
2C:1A:05,"Cisco Systems, Inc",false,MA-L,2021/05/21
9C:D5:7D,"Cisco Systems, Inc",false,MA-L,2021/05/21
08:45:D1,"Cisco Systems, Inc",false,MA-L,2021/06/22
38:FD:F8,"Cisco Systems, Inc",false,MA-L,2021/06/22
E0:69:BA,"Cisco Systems, Inc",false,MA-L,2021/06/22
24:36:DA,"Cisco Systems, Inc",false,MA-L,2021/06/22
40:06:D5,"Cisco Systems, Inc",false,MA-L,2021/07/23
CC:ED:4D,"Cisco Systems, Inc",false,MA-L,2021/07/23
BC:2C:E6,"Cisco Systems, Inc",false,MA-L,2021/07/23
EC:01:D5,"Cisco Systems, Inc",false,MA-L,2021/07/23
AC:BC:D9,"Cisco Systems, Inc",false,MA-L,2021/08/18
18:59:F5,"Cisco Systems, Inc",false,MA-L,2021/08/18
00:DF:1D,"Cisco Systems, Inc",false,MA-L,2021/08/18
A0:0F:37,"Cisco Systems, Inc",false,MA-L,2021/08/18
80:6A:00,"Cisco Systems, Inc",false,MA-L,2021/09/25
60:26:AA,"Cisco Systems, Inc",false,MA-L,2021/09/25
5C:31:92,"Cisco Systems, Inc",false,MA-L,2021/09/25
D4:66:24,"Cisco Systems, Inc",false,MA-L,2021/09/25
04:BD:97,"Cisco Systems, Inc",false,MA-L,2021/10/23
C0:F8:7F,"Cisco Systems, Inc",false,MA-L,2021/10/23
3C:8B:7F,"Cisco Systems, Inc",false,MA-L,2021/10/23
34:B8:83,"Cisco Systems, Inc",false,MA-L,2021/11/24
24:81:3B,"Cisco Systems, Inc",false,MA-L,2021/11/24
A8:4F:B1,"Cisco Systems, Inc",false,MA-L,2021/11/24
48:2E:72,"Cisco Systems, Inc",false,MA-L,2021/11/24
E8:D3:22,"Cisco Systems, Inc",false,MA-L,2021/12/16
6C:8D:77,"Cisco Systems, Inc",false,MA-L,2021/12/16
74:11:B2,"Cisco Systems, Inc",false,MA-L,2021/12/16
F8:E5:7E,"Cisco Systems, Inc",false,MA-L,2021/12/16
AC:2A:A1,"Cisco Systems, Inc",false,MA-L,2022/01/19
F8:E9:4F,"Cisco Systems, Inc",false,MA-L,2022/01/19
8C:1E:80,"Cisco Systems, Inc",false,MA-L,2022/01/19
88:FC:5D,"Cisco Systems, Inc",false,MA-L,2022/01/19
E8:DC:6C,"Cisco Systems, Inc",false,MA-L,2022/02/23
40:42:44,"Cisco Systems, Inc",false,MA-L,2022/02/23
70:A9:83,"Cisco Systems, Inc",false,MA-L,2022/02/23
BC:FA:EB,"Cisco Systems, Inc",false,MA-L,2022/02/23
3C:26:E4,"Cisco Systems, Inc",false,MA-L,2022/03/25
34:5D:A8,"Cisco Systems, Inc",false,MA-L,2022/03/25
38:91:B7,"Cisco Systems, Inc",false,MA-L,2022/03/25
44:88:16,"Cisco Systems, Inc",false,MA-L,2022/03/25
3C:FE:AC,"Cisco Systems, Inc",false,MA-L,2022/04/07
04:A7:41,"Cisco Systems, Inc",false,MA-L,2022/04/07
DC:0B:09,"Cisco Systems, Inc",false,MA-L,2022/04/23
08:F3:FB,"Cisco Systems, Inc",false,MA-L,2022/04/23
98:A2:C0,"Cisco Systems, Inc",false,MA-L,2022/04/23
DC:05:39,"Cisco Systems, Inc",false,MA-L,2022/04/23
78:F1:C6,"Cisco Systems, Inc",false,MA-L,2022/05/25
34:1B:2D,"Cisco Systems, Inc",false,MA-L,2022/05/25
1C:FC:17,"Cisco Systems, Inc",false,MA-L,2022/05/25
88:9C:AD,"Cisco Systems, Inc",false,MA-L,2022/05/25
80:27:6C,"Cisco Systems, Inc",false,MA-L,2022/06/27
6C:4E:F6,"Cisco Systems, Inc",false,MA-L,2022/06/27
CC:79:D7,"Cisco Systems, Inc",false,MA-L,2022/06/27
E4:38:7E,"Cisco Systems, Inc",false,MA-L,2022/06/27
24:16:1B,"Cisco Systems, Inc",false,MA-L,2022/07/13
44:64:3C,"Cisco Systems, Inc",false,MA-L,2022/07/13
8C:84:42,"Cisco Systems, Inc",false,MA-L,2022/07/13
10:A8:29,"Cisco Systems, Inc",false,MA-L,2022/07/13
D0:09:C8,"Cisco Systems, Inc",false,MA-L,2022/08/17
A4:11:BB,"Cisco Systems, Inc",false,MA-L,2022/08/17
50:49:21,"Cisco Systems, Inc",false,MA-L,2022/08/17
0C:AF:31,"Cisco Systems, Inc",false,MA-L,2022/08/17
00:60:64,NETCOMM LIMITED,false,MA-L,2015/11/17
00:40:28,NETCOMM LIMITED,false,MA-L,2015/11/17
18:F1:45,NetComm Wireless Limited,false,MA-L,2015/11/17
F8:CA:59,NetComm Wireless,false,MA-L,2018/12/16
1C:AF:F7,D-Link International,false,MA-L,2015/11/17
1C:BD:B9,D-Link International,false,MA-L,2015/11/17
14:D6:4D,D-Link International,false,MA-L,2015/11/17
1C:7E:E5,D-Link International,false,MA-L,2015/11/17
84:C9:B2,D-Link International,false,MA-L,2015/11/17
FC:75:16,D-Link International,false,MA-L,2015/11/17
B8:A3:86,D-Link International,false,MA-L,2015/11/17
28:10:7B,D-Link International,false,MA-L,2015/11/17
CC:B2:55,D-Link International,false,MA-L,2015/11/17
BC:F6:85,D-Link International,false,MA-L,2015/11/17
90:94:E4,D-Link International,false,MA-L,2015/11/17
C8:BE:19,D-Link International,false,MA-L,2015/11/17
AC:F1:DF,D-Link International,false,MA-L,2015/11/17
78:54:2E,D-Link International,false,MA-L,2015/11/17
C8:D3:A3,D-Link International,false,MA-L,2015/11/17
D8:FE:E3,D-Link International,false,MA-L,2015/11/17
C0:A0:BB,D-Link International,false,MA-L,2015/11/17
9C:D6:43,D-Link International,false,MA-L,2015/11/17
C4:A8:1D,D-Link International,false,MA-L,2015/11/17
B0:C5:54,D-Link International,false,MA-L,2015/11/17
70:62:B8,D-Link International,false,MA-L,2015/11/17
6C:19:8F,D-Link International,false,MA-L,2015/11/17
EC:22:80,D-Link International,false,MA-L,2015/11/17
F8:E9:03,D-Link International,false,MA-L,2015/11/17
E8:CC:18,D-Link International,false,MA-L,2015/11/17
3C:1E:04,D-Link International,false,MA-L,2015/11/17
E4:6F:13,D-Link International,false,MA-L,2015/11/17
C4:12:F5,D-Link International,false,MA-L,2015/11/17
54:B8:0A,D-Link International,false,MA-L,2015/11/17
90:8D:78,D-Link International,false,MA-L,2015/11/17
6C:72:20,D-Link International,false,MA-L,2015/11/17
48:EE:0C,D-Link International,false,MA-L,2015/11/17
1C:5F:2B,D-Link International,false,MA-L,2015/12/17
10:BE:F5,D-Link International,false,MA-L,2016/03/01
A0:AB:1B,D-Link International,false,MA-L,2016/06/11
10:62:EB,D-Link International,false,MA-L,2016/09/22
80:26:89,D-Link International,false,MA-L,2016/11/26
74:DA:DA,D-Link International,false,MA-L,2017/02/21
40:9B:CD,D-Link International,false,MA-L,2017/05/24
78:32:1B,D-Link International,false,MA-L,2020/09/29
28:3B:82,D-Link International,false,MA-L,2020/09/29
18:0F:76,D-Link International,false,MA-L,2020/09/29
0C:B6:D2,D-Link International,false,MA-L,2020/09/29
58:D5:6E,D-Link International,false,MA-L,2020/09/29
00:AD:24,D-Link International,false,MA-L,2020/09/29
F4:8C:EB,D-Link International,false,MA-L,2020/09/29
EC:AD:E0,D-Link International,false,MA-L,2020/09/29
60:63:4C,D-Link International,false,MA-L,2020/09/29
C4:E9:0A,D-Link International,false,MA-L,2020/09/29
F0:B4:D2,D-Link International,false,MA-L,2020/09/29
BC:0F:9A,D-Link International,false,MA-L,2020/09/29
34:0A:33,D-Link International,false,MA-L,2020/09/29
78:98:E8,D-Link International,false,MA-L,2020/09/29
E0:1C:FC,D-Link International,false,MA-L,2020/09/29
A0:A3:F0,D-Link International,false,MA-L,2020/11/10
A8:63:7D,D-Link International,false,MA-L,2021/01/22
08:5A:11,D-Link International,false,MA-L,2021/04/02
0C:0E:76,D-Link International,false,MA-L,2021/05/18
BC:22:28,D-Link International,false,MA-L,2021/07/22
A4:2A:95,D-Link International,false,MA-L,2021/11/23
00:15:6D,Ubiquiti Networks Inc.,false,MA-L,2016/07/14
00:27:22,Ubiquiti Networks Inc.,false,MA-L,2016/07/14
00:50:C2,Ubiquiti Networks Inc.,false,IAB,2016/07/18
DC:9F:DB,Ubiquiti Networks Inc.,false,MA-L,2016/07/14
24:A4:3C,Ubiquiti Networks Inc.,false,MA-L,2016/07/14
68:72:51,Ubiquiti Networks Inc.,false,MA-L,2019/07/02
04:18:D6,Ubiquiti Networks Inc.,false,MA-L,2019/07/02
F0:9F:C2,Ubiquiti Networks Inc.,false,MA-L,2016/07/14
44:D9:E7,Ubiquiti Networks Inc.,false,MA-L,2016/07/14
80:2A:A8,Ubiquiti Networks Inc.,false,MA-L,2016/07/14
FC:EC:DA,Ubiquiti Networks Inc.,false,MA-L,2016/07/14
78:8A:20,Ubiquiti Networks Inc.,false,MA-L,2016/07/14
B4:FB:E4,Ubiquiti Networks Inc.,false,MA-L,2016/07/14
E0:63:DA,Ubiquiti Networks Inc.,false,MA-L,2018/06/13
18:E8:29,Ubiquiti Networks Inc.,false,MA-L,2018/06/13
74:83:C2,Ubiquiti Networks Inc.,false,MA-L,2018/06/13
74:AC:B9,Ubiquiti Networks Inc.,false,MA-L,2019/12/04
F4:92:BF,Ubiquiti Networks Inc.,false,MA-L,2019/12/04
68:D7:9A,Ubiquiti Networks Inc.,false,MA-L,2019/12/04
24:5A:4C,Ubiquiti Networks Inc.,false,MA-L,2020/07/15
78:45:58,Ubiquiti Networks Inc.,false,MA-L,2020/07/15
D0:21:F9,Ubiquiti Networks Inc.,false,MA-L,2020/07/15
60:22:32,Ubiquiti Networks Inc.,false,MA-L,2021/08/19
AC:8B:A9,Ubiquiti Networks Inc.,false,MA-L,2021/08/19
70:A7:41,Ubiquiti Networks Inc.,false,MA-L,2021/08/19
E4:38:83,Ubiquiti Networks Inc.,false,MA-L,2021/11/24
94:2A:6F,Ubiquiti Networks Inc.,false,MA-L,2021/11/24
F4:E2:C6,Ubiquiti Networks Inc.,false,MA-L,2021/11/24
